code_depart,code_arrive,passengers
MSP,LAN,4592
JFK,ATL,18045
GDL,MDW,3982
SXM,EWR,3349
TUS,DEN,12848
MID,IAH,3300
ZRH,LAX,5195
GSO,DFW,3351
LIM,JFK,6214
PSE,JFK,3213
DCA,YYZ,2506
HNL,NGO,11812
IAH,OAX,1218
MIA,LAX,47008
SBA,SFO,5578
JFK,CAI,4904
AZA,MSO,1244
MEM,ORD,7072
HAV,TPA,2515
DCA,IND,7736
MCI,DAL,25360
OSL,JFK,4750
YUM,LAX,1503
PWM,CLT,3632
MXP,JFK,14014
ATL,TRI,6862
SJC,DEN,14857
MKE,PHL,4870
CRW,DCA,1315
PDX,EWR,4414
LGB,PHX,9934
SFO,AKL,10793
FWA,DFW,2528
ILM,PHL,1851
MCO,ACY,8986
YVR,PDX,6888
ATL,BHM,22897
IAH,VSA,1415
CMH,PHL,8789
STL,MIA,8514
SYR,EWR,3671
RNO,SLC,8555
SFO,JFK,80099
CHS,MIA,2159
SAN,RNO,4795
YVR,LAX,31453
DFW,YUL,3349
LAS,COS,1257
SDF,ORD,9026
DFW,BMI,2198
MAN,ATL,4164
ANC,OME,1362
BDL,IAD,5193
RDU,PHL,12932
MEX,EWR,6628
DFW,LIR,2751
PIE,GSP,1985
AUA,CLT,5406
PHL,RDU,13853
EWR,BFS,2306
LBE,FLL,3806
ATL,NRT,10128
PEK,IAH,4561
BDL,SJU,5499
BSB,MIA,7719
TPA,PVD,7218
PIA,DFW,3273
ATL,IND,33571
IAH,AEX,2229
SLC,MFR,1978
CUN,MCI,2320
SLC,CLT,8644
MDW,MCO,22976
YNG,PIE,1526
SEA,PUW,3712
ATL,GDL,3766
DFW,QRO,2639
ISP,TPA,4461
ORD,SYR,6974
JFK,TXL,3730
DCA,IAH,18085
HNL,JFK,7404
HNL,PPT,1054
MSP,MZT,2653
ORD,BUF,10967
MCO,ISP,10176
DFW,ASE,1215
FLL,PBG,7207
ORH,FLL,2512
ORD,DCA,37581
PIE,FWA,2337
JFK,SMF,2033
MCO,BMI,1035
RDM,SEA,5040
YKM,SEA,5044
LHR,LAX,51709
BWI,ABQ,4124
DAL,ATL,3894
MDW,DEN,33132
COS,IAH,4151
EWR,SNN,3165
BOS,MYR,3146
DFW,GSO,3444
MSP,ZIH,2925
LAX,MCI,8901
YOW,MCO,4598
JFK,GEO,3560
CRP,HOU,7869
AMA,DEN,7480
KIN,MIA,11702
RSW,CAK,3749
CAK,RSW,3937
HOU,RDU,3649
ORD,DSM,13603
CLT,SLC,8686
MDT,MCO,1386
TPE,JFK,5948
MSP,BIS,7883
CHO,PHL,1761
SLC,COS,2257
BGM,IAD,1633
LGA,DFW,53375
LIR,MSP,1619
POS,IAH,4349
RDU,ATL,46234
JFK,PLS,4522
SFO,EUG,7604
MIA,GND,3327
MSP,SAT,5768
EWR,RSW,14577
MSP,MBJ,1856
SAT,BWI,6092
DFW,MAF,7440
DEN,YMM,1218
DAL,IAH,6240
ORD,DUS,5508
XNA,LAS,1358
IAD,RUH,1785
IAD,SEA,8619
CLT,MIA,34441
DEN,PHL,22759
ATL,TYS,13166
ATL,EWN,1992
PBI,BOS,14969
BWI,PWM,5964
ABQ,MDW,4510
RNO,ORD,3152
PIT,RSW,4039
MSY,BNA,10514
HNL,ITO,46646
RIC,PHL,6136
HOU,ABQ,8694
TPA,RDU,8910
MIA,LAS,16867
BUR,PHX,25110
YOW,CLT,1358
PAP,FLL,16513
DSM,ATL,7257
MCO,PSE,5099
CLT,BUF,12164
HNL,EWR,6863
MSP,ISN,3573
EUG,OAK,1320
YYZ,PIT,1705
SNA,SLC,11422
ORD,DAY,9917
BHM,DAL,8324
BDL,PIT,2179
ORD,YKF,1328
JFK,AMM,2760
TPA,PNS,1185
FLL,EWR,41245
MAN,PHL,5385
SAT,HRL,2074
RAP,AZA,1735
MCO,ILG,2897
GJT,PHX,4101
PHX,HMO,2375
ATL,BRU,2992
NAS,LGA,3069
GRR,EWR,1660
CLE,SFO,4339
JFK,SAT,1329
FWA,ATL,3572
DCA,SFO,6184
DFW,CAE,3352
PHX,TPA,14651
LRD,IAH,2008
ORD,MKE,10973
TPA,TLH,1031
ATL,BTV,1867
YXE,LAS,1603
TUS,PDX,1563
ASU,MIA,2636
PGD,YNG,1199
SLC,MSY,2240
DTW,PLN,1125
DFW,DCA,29507
ATL,DUB,1574
ATL,SJC,3321
RTB,IAH,2556
KTN,WRG,1962
MIA,PHL,25966
CHS,DFW,2409
YVR,OGG,14843
YWG,ORD,4614
STI,SJU,2550
ANC,BET,4430
DFW,SMF,15769
DFW,HSV,6587
TYS,DCA,1671
GRR,IAD,1801
LAX,MSP,35806
ASE,ATL,1183
FNT,BWI,3301
FAT,SAN,2568
CLE,BDL,2293
MIA,UVF,4894
ELP,IAH,6140
SEA,SNA,20403
HNL,BLI,4484
LAS,SGF,1343
MBS,DTW,5030
PNS,MIA,2593
RIC,CLT,18551
SFB,BLV,1260
SFO,BOS,43151
SFO,YYJ,1173
ABQ,DEN,16007
NGO,GUM,8869
AUA,MIA,9200
PHX,FLL,11569
SEA,GEG,32576
CZM,ATL,3375
AUS,DCA,3453
IAH,AUS,21215
CLT,YYZ,7399
SEA,LWS,2255
DUB,ORD,7518
FLL,POS,2637
DCA,BTV,5745
ORD,GDL,2892
CLT,MHT,1970
MTY,SAT,2068
SCL,ATL,5981
EWR,SJO,11159
BWI,BUF,13561
ANC,AKN,3198
IAD,MSP,4208
ORD,BDL,12940
LAX,DFW,90547
MEX,ORD,18186
MIA,CUN,21537
JFK,MAN,4115
DTW,CLE,3980
BWI,MSY,6547
MEM,ATL,27366
DEN,PVR,5571
MIA,PUJ,11798
ROC,MDW,4189
BOI,MSP,4600
RSW,HPN,2925
FLL,EYW,1315
MSP,HDN,1600
DCA,MCO,31514
LIT,DEN,4371
UVF,ATL,2266
TUL,STL,3806
ZRH,PHL,3458
PDX,PSC,1882
CMX,ORD,1444
DEN,YYC,9446
CLT,MDT,9319
ORD,STL,26981
ATL,MEX,16915
HRL,AUS,2130
BNA,ORF,3526
DAL,AMA,13460
CLE,ERI,1760
LAS,MCO,5767
GSO,IAD,2008
EWR,TPA,23092
DEN,IAD,33121
ATL,MAD,2853
CAK,MCO,5405
YVR,SFO,19316
ATL,ZRH,3103
SLC,GTF,3108
ABQ,BWI,3939
BUF,IAD,1628
CRP,DFW,8728
LAS,MRY,1262
PHL,LAS,30052
COS,SEA,1431
SAN,PVR,1811
CLE,RDU,1240
ORF,PHL,5907
MIA,MAO,10260
SJU,PHL,19046
JFK,CLE,1784
YVR,ORD,7681
JFK,SCL,6218
ABQ,IAH,4703
DFW,LCH,2032
MIA,MEM,1191
HOU,DEN,16511
SBA,LAX,7467
PHL,ROA,1485
CLE,JFK,1933
UIO,ATL,3861
DFW,MTJ,1434
MSP,FLL,12374
DFW,LEX,3190
SEA,IAD,8322
EWR,MSP,10105
ATL,EYW,11652
FSD,MSP,10013
PHL,MSP,18856
YXE,ORD,1131
ORD,ICT,5545
MBJ,EWR,1816
LAX,MEM,4062
LIM,LAX,11393
LAS,DSM,6727
IST,JFK,17715
MCO,ROC,3563
HOU,OAK,6644
ATL,JNB,7099
BUR,PDX,5174
PIE,DSM,1579
ALB,CLE,1029
DEN,FLL,21392
MSP,SNA,9382
MIA,REC,3292
SLC,SNA,11789
PNS,ATL,19296
MCO,YOW,4587
AVL,SFB,1382
PHX,DTW,26936
DOH,IAH,7764
PIE,AVL,1471
MCO,CAK,4875
OGG,SMF,4533
MSY,MEM,1324
HNL,IAH,7921
TYS,PIE,1697
DFW,SAT,48128
MSP,GTF,1715
BOI,SEA,14591
PNS,BNA,4063
PHL,CLT,32166
GUA,ATL,8686
SEA,SBA,1841
SNA,HOU,4038
BNA,BOS,2784
MLI,PGD,1197
DFW,CUN,21586
BFL,PHX,3379
EWR,BDL,2342
TTN,MCO,2948
AZA,ICT,1838
MSY,FLL,8220
LAS,BLI,12747
ASE,DFW,1264
BDL,PBI,3751
SDQ,FLL,9087
YWG,MSP,5531
MSP,IAD,3919
DFW,PIT,11618
ORD,GSP,2434
HDN,IAH,2675
GRR,ORD,12122
LIR,JFK,4010
YVR,IAH,4333
HDN,ATL,3063
AMM,DTW,1033
ATL,GCM,3681
STT,PHL,4353
PHX,JFK,21959
PVG,JFK,8946
TPA,BHM,5224
EWR,GSP,1938
MSP,IND,8565
SAP,EWR,1048
ORF,BNA,3160
ELP,SAT,5181
MSY,BWI,6110
ONT,LAS,16254
PHX,GEG,8126
YYZ,SFO,12215
ONT,OAK,20117
ABQ,DAL,21325
PHL,MCO,49086
SJD,LAX,13007
OMA,ATL,14979
LAX,ATL,70793
OKC,STL,2779
DFW,MEM,10930
ANC,SCC,1871
IND,MEM,1485
FLL,JFK,42870
SMF,SLC,9031
BWI,SAN,7937
DFW,CHS,2487
AMS,MIA,1014
NAS,EWR,3188
EWR,CLT,41510
CPR,DEN,4200
FLL,MGA,1951
BOS,TPA,10558
MKE,CVG,2213
JFK,BDA,3636
DEN,HNL,5841
DCA,LAX,8920
JFK,PUJ,11589
LIT,ATL,14685
JFK,HOU,4204
ROC,CLE,1225
ICN,GUM,18527
SJC,HNL,3719
YVR,HNL,13504
MDW,CUN,3791
LAX,RNO,13175
ORD,SJC,3974
ALB,MSP,1176
RDU,TTN,2401
IAD,GSP,2421
MEM,DEN,2351
DFW,DSM,9542
DEN,HOU,18345
ATL,RDU,47160
IST,IAH,7848
SEA,YYJ,7807
PHL,ORF,7159
HRL,SAT,2379
LGA,RDU,16248
SAT,SEA,3821
DTW,SAN,7190
PWM,BWI,6957
LIM,DFW,5188
BWI,MKE,7106
STL,IAH,6451
ORD,SDF,8795
TPA,LGA,17438
SLC,IND,3355
LWS,BOI,1190
IAH,AMA,2655
BJX,MDW,1026
RUH,JFK,3455
ATL,LAX,71417
DCA,BDL,7325
IAH,PBI,5881
CAK,CLT,9589
BOS,CHS,2487
SAT,PHL,1903
MUC,ATL,5518
ATL,SFO,36767
CLE,LAX,9169
DCA,CVG,6122
RSW,MSP,27458
TOL,ORD,2843
MDW,LAX,18199
LAX,LIH,16639
MEM,MCO,6193
EWR,ORD,38057
EWR,YYZ,11072
FLL,HPN,6040
PGD,PIA,1169
CLT,OAJ,7582
OSL,FLL,2001
SUN,LAX,1315
PHX,ELP,23254
SAN,FAT,2302
DEN,LGA,37765
DTW,YOW,1983
PHL,BGM,2374
SFB,ATW,1292
SJC,AUS,6939
ICN,HNL,22967
LAX,SMF,34446
XNA,CLT,3709
PIT,EWR,6771
LAX,SLC,43909
DXB,JFK,37356
LAS,YYC,14593
MYR,FLL,4290
DCA,CHS,4550
SFB,ELM,1810
DEN,LIT,4426
CPR,LAS,1188
BWI,RSW,17697
PIT,JFK,5112
MDW,BHM,4239
LAS,RDU,4260
LHR,MSP,5163
MDW,OKC,1790
SJC,BOI,1643
PGD,TOL,1240
JFK,SLC,22344
PDX,GEG,11849
TUS,IAH,5457
MTY,ORD,2854
LGA,MSY,7755
ORD,SLC,15123
OAK,JFK,1698
CLT,PLS,5040
DFW,CRP,8625
BOS,YHZ,1340
NRT,DTW,8665
JFK,OSL,4419
BHM,TPA,4248
GRR,DFW,4690
DAY,ATL,22023
MIA,CDG,15441
ORD,IAH,47843
EWR,DUS,5102
IAD,ORD,17679
BOI,SAN,1876
BWI,EWR,4034
PHL,ISP,2880
DEN,DIK,2406
ELP,ATL,5656
ORD,TPA,21079
BWI,DFW,20982
IAH,ZIH,1029
ARN,ORD,3657
SLC,PHL,8342
MIA,CHS,2324
PHX,DSM,6191
DAL,BKG,2115
PGD,SBN,1625
ZRH,ATL,2768
EWR,DEN,27601
TPA,CAK,3037
SAT,PHX,17043
SYR,BOS,1088
SBP,LAX,3423
CRW,CLT,4532
OMA,EWR,1931
DTW,CWA,1862
MSP,RAP,4273
IAD,DOH,8639
FNT,ATL,9623
RDU,CLT,31765
JAC,ATL,1345
GLA,EWR,2906
PWM,PHL,8071
LAX,MEL,17287
SPN,CAN,1920
IAD,SDF,1066
FLL,FPO,2296
MEL,LAX,14932
IAH,ABQ,4731
CLE,MIA,2468
CLT,AVL,7495
DAL,ICT,4386
MFR,LAS,1124
PHX,OMA,13273
TXL,EWR,1816
IAD,JAX,3617
SLC,DFW,27249
LAS,BUF,4516
PHL,FLL,26274
RDU,BNA,9869
CMH,CLT,14958
YOW,ORD,4710
EWR,CPH,6130
LAX,HOU,17335
MSP,SAN,14711
ORD,SMF,3248
FNT,MSP,1489
IAD,PWM,1193
DTW,LGA,33906
MGM,ATL,5700
MDW,ICT,3106
AZA,EUG,1350
RHI,MSP,1707
DEL,EWR,7246
MCO,PIT,14222
HNL,SEA,25959
PTY,DFW,1704
RSW,BWI,16426
EWR,SNA,5717
HOU,EWR,6388
PDX,NRT,3846
DFW,CLL,4799
PHL,MUC,5330
IAD,PDX,4216
CLT,MEX,2748
SAN,TUS,6026
IAD,GRU,7133
EGE,ATL,4242
SEA,YLW,4964
IAD,DKR,5488
PTY,LAX,12859
LHR,ORD,36226
SLC,FCA,3262
DEN,SBA,4555
DAL,HOU,63148
YWG,MCO,1681
LAS,EUG,1642
HPN,CLT,2953
CMH,IAH,4562
STL,RSW,7114
RTB,MIA,1248
LEX,ATL,11216
OMA,SLC,2981
GDL,ONT,3861
SUN,SEA,1590
LAX,MCO,27107
DEN,RSW,6232
ANU,EWR,4068
LGA,MIA,66345
IAH,GPT,3510
JFK,DXB,34511
RDU,IAH,4627
MSP,MOT,7319
ATL,PIA,3223
DTW,LAS,41040
FWA,PGD,1561
TTN,MDW,2056
ATL,YYZ,16141
SLC,SMF,9728
SKB,MIA,5067
PHX,PSP,8906
LAX,EGE,1488
CLL,DFW,4215
MLI,PIE,1496
PHL,DCA,10674
ATL,LFT,4670
DFW,MAD,4188
AUS,LBB,2110
PHL,BUF,6126
BDA,LGA,1932
NGO,HNL,11430
PVG,EWR,7458
MIA,BOS,32578
ONT,SEA,8387
MIA,EGE,3886
YXE,DEN,2580
GSP,SFB,1197
JAX,BNA,7827
PHX,MIA,7284
ISN,MSP,3390
LGA,BOS,23172
SAT,MSP,4807
RDU,SLC,2411
OAK,KOA,2921
SEA,SLC,31820
JFK,BCN,6617
ORD,LSE,2370
LAX,PBI,2895
SAN,IAH,18275
ABQ,PHX,29824
MCI,TPA,3424
EYW,MIA,6591
MSP,PSP,6452
ORD,CMI,4715
NAS,ATL,13008
ORD,LIR,1345
MEX,ATL,18405
FGI,PPG,2638
PDX,IAH,10031
DEN,JAX,3400
ORF,MCO,3865
IAD,YOW,2670
DFW,MHK,3250
GUM,ICN,26852
SAN,PHL,8244
JFK,ABQ,1643
DTW,SWF,2388
ELP,DFW,20738
PWM,JFK,6768
STL,MKE,3990
LAX,FLL,21586
LIM,SFO,2724
LAX,SAN,25169
FRA,LAS,2061
ATL,DAB,14986
ATL,CCS,4745
LGA,DCA,31811
MKE,PHX,14469
SLC,LWS,1841
BWI,SDF,6328
LGA,BUF,5439
MCO,BOG,9829
SFB,GFK,1359
ICT,LAS,5611
STL,YYZ,1064
MTJ,IAH,1894
OWB,SFB,1317
SEA,YVR,16302
PDX,SEA,39720
SCC,BRW,4389
CHS,MDW,1924
BOS,NRT,4516
LIH,SJC,2569
ATL,MCO,97352
IAD,EWR,7905
SLC,ATL,40625
YYC,LAX,10711
FAT,DFW,6176
MCO,PVD,18120
MTY,DFW,10630
MSP,LHR,4847
IAH,IND,6313
CLT,SXM,5107
TYS,FLL,1331
PIE,RFD,1687
PHL,CHO,1872
PDX,OAK,19753
ICT,MSP,3001
HLN,SLC,2952
SAN,SEA,23810
MNL,GUM,9318
IAH,LCH,2886
DEL,ORD,9181
LGB,SMF,6898
BMI,ATL,4301
AEX,DFW,2925
IAH,PHX,34651
DEN,SJC,15982
MIA,LGA,69795
MLB,CLT,3312
NRT,SPN,8844
PBI,JFK,16272
ORD,MTJ,1037
PVR,ATL,1186
LGA,CLT,51790
YVR,PHX,10636
GNV,ATL,8326
JFK,KIN,9096
SFO,SYD,10147
SFO,DXB,9631
IAH,BTR,6509
IAH,PTY,9615
PHL,YUL,5284
LAX,GRU,8704
ORD,PEK,13309
BRD,MSP,1518
IAD,CDG,13752
MRY,LAX,5108
SCE,IAD,1742
HNL,SFO,35187
OMA,DEN,27377
OGG,YYC,6687
TPA,PHL,21981
STI,MIA,4966
DEN,LNK,3017
MDW,ATL,28882
HNL,SAN,11720
AZA,SBN,1237
DFW,SJD,11261
MIA,POS,13186
FNT,MCO,3661
CPH,IAD,3179
PSP,YVR,4726
ATL,PVR,1061
ROC,ATL,10735
YYC,MSP,3641
MCO,LAX,28457
JAN,MDW,1474
ATL,VLD,2352
SBN,MSP,1097
IAH,BJX,5057
PDX,SLC,17344
DTW,PWM,3065
SLC,TUL,1183
PDX,SJC,21246
SHV,IAH,4196
MLU,IAH,1893
FAI,ANC,16681
EWR,GLA,3302
SAN,BWI,7866
SDF,MDW,8035
NAS,BWI,1818
HSV,DCA,3019
EWR,TLV,19915
MIA,LIM,28848
SIG,VQS,1045
PHL,ROC,6545
EGE,EWR,2268
SFO,ABQ,1099
MIA,EZE,35040
BOM,EWR,15212
WRG,PSG,1832
AUS,IAH,21223
ATL,VPS,10505
CMH,LGA,5923
MCO,MIA,46250
JFK,FRA,25552
EWR,BHX,3359
OKC,IAH,11328
PGD,MLI,1302
MSY,JFK,7892
ILM,CLT,13895
JFK,FLL,42249
HEL,JFK,6332
LAS,DTW,39675
DEN,FRA,5850
BHM,IAH,5577
ALB,ORD,4950
SAT,SAN,6653
ROC,JFK,9331
LAS,YVR,11097
DFW,CZM,4325
MAD,ATL,2958
GDL,OAK,7689
ORD,IST,7183
MAF,HOU,6473
SFB,GSO,1324
LAX,CLT,30755
IAH,CRP,7051
PIA,AZA,1634
DFW,LAX,92410
LAX,MLM,3452
BNA,TPA,9332
AXM,FLL,1220
HOU,PHX,14308
ROC,DTW,4671
TPE,LAX,40815
SEA,FAT,2119
SFO,MUC,7260
BOS,PUJ,1982
BWI,YYZ,1868
OGG,SJC,9931
SNU,MIA,3253
DCA,DEN,17288
PHL,DFW,39036
IAD,IND,4909
ORD,MBS,1827
COS,LAX,2604
LAS,ABQ,12236
PDX,LAX,25553
LIT,LAS,3506
CLE,FNT,1716
CLT,BNA,21316
ORD,ATW,3188
TYS,CLT,10695
SJU,IAH,5357
ATL,ICN,11856
LAX,CUN,9119
FLL,BUF,6104
MSY,EWR,7015
FLL,AXM,1211
DFW,CDG,4296
ORD,DBQ,2005
PDX,OGG,7473
DCA,CLE,2268
MIA,MBJ,8176
FNT,RSW,2105
MIA,HOG,1237
EWR,YOW,2734
AUS,ORD,11139
CLT,GRU,5509
ORD,SNA,17505
DFW,LIM,3958
ATL,COS,3564
CLT,LIT,5012
LAS,RNO,30655
TUS,ATL,7328
LGB,SLC,14306
FRA,ATL,10845
RSW,ATL,45751
BOS,DEN,22715
MHT,EWR,2945
SYR,CLT,8355
LAN,SFB,1406
JAX,LGA,5199
STL,DEN,25672
ORD,PVR,7533
QRO,DFW,2706
DEL,JFK,9407
SDF,DCA,3051
PUS,SPN,1696
GPT,PIE,2136
DFW,RNO,6337
HKG,SFO,38124
ATL,FSM,2606
BKG,MDW,2775
MIA,YUL,13433
IND,ORD,18277
JFK,FCO,11611
IAH,OMA,7227
CHA,PIE,1339
DAL,SAT,32768
SLC,OAK,17339
PHL,CAK,1965
MSP,AUS,5386
LAS,BWI,19016
CAN,LAX,14523
IAD,SVO,1369
ORF,MIA,2111
MCI,LGA,3788
DFW,EZE,5960
SFO,NRT,24306
YQR,LAS,1519
BUF,PHX,3816
GTR,ATL,2670
SFO,OKC,1363
ORD,CWA,3174
MSY,DEN,19910
DFW,TYR,4881
DUS,RSW,2735
DFW,STL,23784
AZA,SGF,1287
LAS,MSY,6818
BGM,DTW,1732
YUL,BOS,3125
EWR,PVG,6749
OAK,DEN,11308
IAH,EGE,2214
MDW,DSM,4688
EWR,YVR,2821
YKF,ORD,1375
IAD,IAH,11491
NAS,DCA,1081
KOA,SJC,1823
SLC,BWI,11290
MIA,LHR,47304
DFW,MGM,2537
SNA,LAS,24229
LIT,HOU,1960
FAR,ORD,5402
PHL,ORD,46179
LAX,BLI,1525
ZRH,SFO,6220
IAD,CAE,2727
CIU,DTW,1749
MCO,RIC,5352
BOS,ROC,2047
LAS,PIT,4086
AUS,HRL,1911
FPO,CLT,1120
DCA,PBI,8909
BOS,MIA,30491
IND,CLT,16258
SMX,LAS,1851
FUK,GUM,2614
DTW,AMS,19235
MKE,TPA,6764
ELP,LAX,7674
SJC,RNO,2460
DTW,PIA,1940
MDW,ILG,1192
ATL,RSW,43723
PHL,MDW,13775
ATW,MSP,3977
MUC,EWR,11461
MSP,BWI,7775
ROC,DCA,4395
LTO,LAX,1572
DEN,YXE,2513
IAH,GRK,1708
HOU,ECP,3329
MCO,HPN,7844
EWR,ORF,3777
BTR,CLT,2561
LEX,ORD,4231
JFK,ANU,2185
ICN,SEA,9960
MUC,IAD,7404
MIA,GIG,18284
MIA,SJU,33087
KOA,SEA,7309
MOB,CLT,3475
GRB,ORD,6341
PHL,ATL,58302
PHX,MZT,3897
IAD,RDU,8180
BOS,STL,4512
HNL,ICN,21526
PHL,BGR,4092
DCA,CRW,1017
MDW,JAN,1198
ATL,MTY,4635
DFW,MSY,23952
SEA,DCA,7730
ROA,IAD,1096
ATW,AZA,1436
BNA,MSP,6757
AUS,OAK,3234
CLT,LYH,6382
ATL,CVG,20509
EGE,LAX,2637
TUL,IAH,9005
DEN,OMA,28078
CLT,DTW,28924
AVL,PGD,1081
OTZ,OME,1609
IAH,YUL,1786
STL,DCA,8493
AUS,ATL,29660
DEN,MKE,19033
IAH,GJT,1216
MSP,CVG,8059
LAX,PIT,3611
MIA,POP,4555
DFW,BOS,32535
YOW,TPA,1109
SFO,SEA,65056
IAD,ORF,5791
PAP,MIA,19092
ORD,HSV,1416
DTW,ATW,3445
PIT,LGA,9483
TUS,SAN,6404
OKC,MSP,2518
SHV,ATL,6631
DEN,PSC,3497
LEX,CLT,5998
MSP,DIK,1681
FLL,MSY,7716
CLT,DAY,8322
PHX,SJD,9962
MSP,BRD,1435
ZIH,IAH,1101
EWR,BNA,8714
AGU,IAH,1085
JAN,MCO,2457
EWR,DEL,6777
GUM,HKG,1382
LAX,PVR,9688
CLT,NAS,6376
SEA,OGG,16718
TPA,LAS,4701
IAH,LHR,21958
FLL,ISP,7157
CUR,MIA,10847
AUS,CUN,1414
BFL,SFO,1202
BWI,DTW,21061
NAN,LAX,8149
YYZ,SAN,2704
FSM,DFW,3939
LAN,DTW,5323
ORD,BRU,3005
ABE,ORD,1927
GJT,DEN,5755
DCA,GSO,2594
BNA,BWI,14128
PIT,LAS,5133
BQN,JFK,6689
LAX,BWI,7904
ROC,LGA,4361
IAH,BRO,3678
LAS,PHX,59661
SYD,HNL,15635
PSC,LAS,1510
MIA,NAS,15010
CDG,SFO,12329
PHX,HOU,13415
LGA,GRR,1795
PIT,BOS,8788
ORD,PHL,43524
IAH,FRA,17567
BWI,GRR,4414
ATL,ALB,6882
PHL,DTW,25549
GDL,SJC,10252
SLC,TUS,3630
DFW,SFO,57186
MAF,DAL,11554
SLC,IAH,15584
JFK,ORY,2209
PUJ,BWI,2700
SAN,LHR,6398
BOG,IAD,3194
LAX,COS,2484
BZN,MSP,5910
EWR,DCA,6094
PHL,SXM,3523
CLT,CRW,4574
CUN,BWI,6834
COS,ORD,3074
EYW,FLL,1406
LAX,NAN,8554
SEA,DEN,52301
MHH,PBI,1412
DTW,MIA,14266
PDX,ONT,4076
PHX,YYC,16509
HPN,PHL,3267
XNA,ATL,6999
DFW,GJT,2618
SEA,KOA,7194
DEN,YQR,2426
MUC,SFO,8096
BLI,LAX,1519
ORD,AMS,6378
LAX,BNE,15333
DTW,PUJ,1456
TUL,DEN,11956
ATL,FCO,5763
SCK,LAS,4131
SLC,ORD,15255
ORF,BWI,8018
GTF,HLN,2147
FLO,CLT,3922
AZO,ORD,2878
ILG,RSW,1393
SNA,SJD,2440
CUN,FLL,8747
SAL,FLL,1418
JFK,PHL,2027
TUS,MDW,2424
GIG,MCO,2274
HNL,FUK,8856
PHL,SFO,27033
OGG,DEN,3381
OAK,GEG,5606
CUU,DFW,1854
SMF,ORD,3782
MSP,TUS,2576
YEG,OGG,2248
ANC,DUT,1606
ORH,MCO,2295
FAR,MSP,13865
AUS,DFW,47058
DFW,TYS,4996
IND,MIA,3470
PHX,MSP,59280
EWR,PVD,3800
SBN,LAS,1347
IAH,LOS,3732
IAH,EZE,5482
KEF,BOS,4274
DFW,SGF,8636
EWR,MEX,5917
ORD,RSW,25340
CMH,JFK,1936
FLL,MCO,8790
OGG,HNL,92138
MCO,DAY,2510
SAL,IAD,12902
CID,PIE,1617
OAK,OGG,9657
LAX,SAL,14275
MBJ,ORD,4948
OKC,BWI,3137
DCA,ILM,1071
MLM,LAX,4894
DTW,BDL,8388
SAN,YYZ,2517
HLN,SEA,1676
LIT,PHX,2936
GEG,SLC,8609
DEN,LHR,5929
JAX,PHL,5964
SSB,SPB,3247
MCO,NAS,3473
MDW,BNA,14957
CRP,IAH,6922
ORD,JFK,13007
SAV,IAH,1375
HAM,EWR,1594
YVR,EWR,2884
CMH,ATL,26502
FLL,SJU,28416
BWI,JAX,8532
BOS,JFK,35358
IAH,TAM,1115
CLT,GPT,3069
SGF,ORD,5842
ATL,BOG,3711
PGD,LEX,1631
LAS,DLH,1312
FCO,PHL,4812
EGE,IAH,2576
SAL,SFO,5749
MSP,YEG,3538
TPA,HPN,1918
FAR,DFW,2332
DEN,MTJ,4045
PIE,FAR,1333
MHT,TPA,4003
YOW,IAD,3888
ALB,DTW,4468
SLC,HLN,2961
LGA,RSW,10438
DFW,RDU,16486
IDA,SLC,5236
ORD,TOL,2921
RSW,ILG,1187
WAW,JFK,4033
DTW,MQT,1921
FLL,KIN,8740
MKE,BOS,5028
STS,PDX,1635
ITO,HNL,46247
PIE,ROA,1556
DFW,SAF,1973
CLT,LAS,22318
EWR,STT,3103
BRO,IAH,4046
ATL,HOU,35600
OMA,SEA,1513
SMF,LAX,34808
DFW,PTY,1420
DEN,EWR,29216
KTN,SEA,6126
PHL,MIA,23491
CPR,SLC,1852
MCO,HOU,15883
SGF,DFW,9112
AUS,CLE,1068
YYZ,LAX,18418
AKN,DUT,1875
GUC,DFW,2788
NRT,SJC,4338
BOS,SRQ,2339
SFB,SPI,1161
CLE,MSP,5181
BOS,ZRH,4841
LAX,TUS,16498
SMF,SNA,17893
MCO,LGA,32698
DTW,TUL,1629
DCA,CMH,6522
SFB,SBN,1381
CTG,MIA,3078
EWR,BOS,35207
HNL,TPE,3860
DTW,DEN,26701
MEM,SLC,5288
STL,CLE,2317
CZM,MSP,3192
BQK,ATL,2040
OGG,MKK,1031
RFD,AZA,1637
YYC,DEN,8219
MSP,ABQ,1314
SAN,PDX,14587
DEN,CLE,11746
JFK,STT,7501
LAN,MSP,4373
RDU,STL,2715
SRQ,ATL,22315
DTW,DSM,3195
ORD,AUH,8821
RDU,BOS,12494
IAH,PSP,1688
SWF,MCO,2474
EZE,DFW,6998
TLH,LAX,1043
CAN,SPN,2299
CLE,PVD,1355
AUS,DTW,4896
MEX,CLT,3178
LAX,AUS,16274
MSN,ORD,10897
GCM,CLT,5513
OGG,LIH,8059
POS,JFK,12986
SFB,XNA,1196
CHS,BOS,2402
DCA,SYR,4991
MBJ,DFW,2930
EWR,HKG,6164
SLC,SEA,34957
GPT,CLT,2838
DEN,YVR,7523
BZN,ATL,1941
SLC,PDX,19328
YYC,HNL,1865
MCO,IND,11377
ORD,YXE,1020
LGA,YYZ,34189
SAL,JFK,6789
CPH,EWR,5901
MSP,ROC,1365
BNA,SAN,4414
AUS,HOU,11701
BOS,RSW,24458
SFO,RDU,4107
SFB,GRR,1379
PDX,JFK,6580
HOU,TPA,13067
MBJ,BWI,5051
PVU,OAK,1292
DEN,CMH,6330
FCA,MSP,1949
ECP,BNA,3359
LHR,SEA,10085
JFK,ORF,1682
DBQ,ORD,2259
LHR,LAS,8920
MSO,SLC,4687
CUN,CLT,16451
IAD,PTY,5700
LIH,YVR,4215
ORD,AZO,2588
IAH,BFL,2246
SLC,CVG,7418
NRT,DFW,14535
CLE,DEN,11122
DEN,RAP,5398
CLT,ABE,3628
ATL,MSY,50640
BWI,ALB,12190
SFO,PHX,35701
SRQ,YYZ,3156
CVG,TPA,3646
CID,ATL,3512
POS,EWR,1230
HNL,IAD,2078
EWR,CDG,9511
LGA,HOU,6315
PVU,AZA,1308
SFO,LIM,2512
RST,ORD,3276
SAN,YYC,2676
PHL,PBI,13607
YYC,MCO,2465
PHX,LHR,6784
AZA,FWA,1296
ICT,MDW,3341
BUF,LGA,5171
SWF,FLL,2782
PDL,BOS,2088
LGA,BNA,14977
TUL,HOU,7646
DTW,JFK,8020
SFB,PHF,1245
SBP,PHX,4399
IAH,SLC,15475
ZRH,IAD,3638
YYZ,CLE,2387
GRB,ATL,1629
PIE,ELM,1424
LAS,IND,7522
CLT,MKE,6783
XNA,LAX,1268
BET,ANC,3922
IND,LAX,5453
PBI,HPN,11758
PVR,SEA,5256
LRM,JFK,1398
SNA,SJC,25309
HKG,ORD,14273
DTW,PIT,6262
BOS,PDX,2795
SFB,LCK,1297
MHT,MDW,6989
MSP,SLC,20740
BHM,DFW,6168
MDW,CLE,13649
STS,SEA,1890
SGU,SLC,3292
ATL,ECP,10442
BNA,MCI,9632
SDQ,MIA,22493
DCA,RSW,6550
DEN,PSP,7493
MIA,SJO,21927
IND,CUN,1029
MIA,CTG,3501
EWR,YUL,7245
CLE,EWR,11018
EWR,EDI,4059
FSD,AZA,2965
RIC,JFK,2452
SLC,BTM,2271
CLT,OMA,4037
ADD,IAD,7721
MCI,SEA,4348
EIS,SJU,5585
CLT,LGA,50440
BOS,PHL,44927
PIA,PIE,2178
SFO,SJD,7480
MBJ,MCO,4483
BNA,IAD,2997
BIS,DEN,5904
LEX,PGD,1515
OGD,AZA,1319
SNA,SEA,20308
PHX,LAX,72057
SJU,CLT,14158
MDW,CHS,1940
SFO,ONT,6077
PHL,AUS,1851
IAH,CVG,5044
MCO,YHZ,1025
ORD,CAK,2193
FSD,DFW,3859
SFB,OKC,1160
JAX,JFK,7308
CLT,BWI,35743
MSY,LAX,13822
OAK,ONT,18333
MCI,MSP,14640
ORD,YOW,5123
ILM,ATL,6250
FLL,ORD,32253
DEN,YYZ,7416
OAK,LAS,34148
FAI,SCC,4366
PHL,BDL,10606
SBN,PGD,1688
TGU,IAH,3128
EWR,MXP,5249
SFO,HNL,34810
AVL,CLT,8024
CUN,IND,1066
GTF,AZA,1675
VIE,JFK,5131
MIA,GUA,12198
YYZ,BWI,2022
JFK,CVG,2132
TUL,LAS,3735
NRT,ORD,31262
PSC,AZA,1373
SMF,PSP,2106
SNA,MEX,5761
DSM,SFB,1439
RNO,SEA,8137
BWI,PUJ,2392
CVG,PHL,8895
GSP,DFW,3934
AKL,SFO,9974
SAV,ATL,21533
BIL,AZA,1495
ORD,MIA,41396
DEN,MSY,20067
BWI,ORD,10886
BOS,SDQ,2656
IAH,SAV,1135
GIG,IAH,7308
RDU,DTW,6443
IAD,MCO,17420
SBN,DTW,4583
FLL,RIC,2372
BHM,BWI,5885
SNA,DFW,34179
SFO,MDW,5622
IAD,PHL,4665
ATW,LAS,1291
RST,AZA,1503
DTW,SFO,13776
SBA,PHX,6858
PUJ,ATL,16780
REC,MIA,3637
CDV,YAK,1082
LAX,PDX,26239
IAD,SAT,2887
GSP,BWI,2884
MGA,IAH,9211
IAH,GUA,10052
PHX,PDX,33967
DFW,BWI,20214
SDQ,SJU,10977
STL,MCI,9666
GIG,DFW,4823
CPH,SFO,3855
CMH,BNA,5409
SAV,IAD,2220
ATL,BDL,25946
LAS,BIL,1149
PVD,DTW,4889
PHX,BUF,3768
OMA,LAS,6989
SEA,OMA,1363
CLE,ATL,14023
MSP,MCI,15263
IAD,BOG,3050
MIA,BNA,5775
PDX,AMS,3779
ORD,YYC,5318
PNS,MCO,1190
OSA,JFK,3989
ORD,GRB,5892
CLT,PHL,33846
YYZ,FLL,28458
ANU,MIA,3432
CID,SFB,1518
PDX,BOS,3246
RDU,MDW,6975
CUN,ORD,17848
RAP,MSP,4511
SNA,SMF,18556
MCO,SYR,4791
BTR,IAH,6444
YHZ,ORD,1003
MCO,SAT,4679
JAX,DEN,4045
CCS,SJU,1923
ORD,YWG,4585
PHL,ERI,2212
PWM,DCA,5884
DAY,BWI,4485
MIA,PHX,7122
OAK,BUR,31171
PIE,TYS,2067
PHL,HPN,3374
LGA,IAH,23627
BUF,TPA,4679
NRT,SEA,16728
SFB,CKB,1127
PIE,IAG,1380
PBI,MHH,1231
ASE,ORD,4588
VER,IAH,2296
ORD,AMM,3472
ENA,ANC,7722
RDM,DEN,1624
JFK,MIA,38398
SFB,KEF,2039
FLL,STL,3952
MHT,MCO,8568
HOU,FLL,6854
BDA,ATL,2270
IAH,LRD,2042
MIA,JFK,41180
LAS,GFK,1314
JFK,MSY,7571
BTV,EWR,4965
ATL,MSN,6256
SNA,ORD,18130
SFO,PDX,41303
GRB,DTW,5006
AMS,SFO,5649
STL,EWR,7917
MLM,DFW,1240
EWR,PDX,4272
BDL,DFW,9155
LAS,MAF,5562
LEX,FLL,1413
LGA,XNA,1207
SLC,RDU,2390
MSY,MCO,12337
ATL,SBN,2998
IAH,ORD,49041
EUG,AZA,1381
IAH,CLE,14341
MIA,ORF,2648
MCO,PTY,15989
FLL,LBE,3805
OAK,GDL,5648
ATL,FNT,8778
MAN,IAD,2321
DFW,XNA,11609
ABQ,LAS,12588
ATL,TTN,2316
MTJ,ORD,1195
GSP,ATL,16782
DFW,GUA,3942
FLL,YYZ,28740
BWI,OKC,2993
EWN,CLT,5542
SFO,RDM,2181
SJC,LAX,51335
YUL,SFO,2439
ATL,PTY,4273
DTW,MDW,16719
RDU,TPA,6669
BNA,LGA,13978
OGG,ANC,2051
ATL,AUA,6757
MSP,SFO,23862
PGD,CID,1251
EWR,LAX,52065
FLL,SEA,4459
SAN,OGG,4272
SNA,ATL,14058
LHR,PHL,12374
LBB,LAS,3440
GRR,SFB,1421
BWI,CUN,6295
SJC,SNA,23504
IAH,EWR,36023
BOS,MKE,3598
PHL,FRA,8938
MIA,SCU,1096
GFK,AZA,1588
PGD,TYS,1383
DCA,PHL,10723
TWF,SLC,2545
TPA,STL,6938
MCO,YYZ,29161
IAD,SCE,1694
SNN,JFK,1490
ISN,DEN,4365
MCI,MKE,5134
OKC,LAS,6287
DAL,BHM,7925
KOA,HNL,60163
ORD,CMH,16467
MDW,BOS,8126
JFK,SEA,17680
LIR,EWR,1317
STL,SLC,4579
IST,LAX,9792
SYR,PHL,6215
BOS,ORD,48802
JFK,AMS,21512
IAD,BGM,1516
ABR,MSP,2254
BDL,DEN,4639
SEA,FCA,3415
DFW,ICT,11066
RSW,DFW,14074
ATL,DCA,55280
JAN,HOU,5045
DTW,ITH,1857
MKE,MDW,3023
PHX,MDW,19331
CLE,FLL,4664
YQB,FLL,4195
PSE,MCO,4978
DSM,DCA,1959
GPT,ATL,8618
SAT,DTW,3743
RDU,YYZ,2016
PHL,PWM,7261
DEN,ABQ,17030
BGM,PHL,2177
PHL,TYS,1403
PBG,FLL,6544
PTY,EWR,5239
ATL,IAH,28435
DFW,ATL,64037
LAS,PIA,1561
JFK,VIE,4911
ORD,FRA,18402
TLV,EWR,22183
CVG,JFK,2151
JFK,AUH,7985
MCI,ABQ,2723
SLC,FAT,2683
LGA,MSN,1764
AGS,ATL,10818
ORD,MUC,9458
SEA,JNU,4762
YEG,LAS,7966
BUF,EWR,5109
STL,IAD,4270
TUS,SFO,2612
DFW,FAR,2232
NAS,JFK,6848
SFB,TOL,1280
MIA,MVD,5203
TLH,ATL,12198
HTS,SFB,1320
CLE,LAS,5224
SNA,GDL,2052
OKC,DFW,21464
HND,LAX,11480
DTW,GRB,4015
LAX,LIM,9168
ORD,CID,10916
ALB,BWI,12944
ATL,BMI,4044
SFB,MDT,1674
GSP,IAH,1066
GRR,MSP,11091
JFK,LOS,1876
CVG,RSW,3683
PHL,STT,3462
MDW,RSW,13390
ATL,FWA,3413
MSP,FCA,1941
OAK,PHX,26253
DFW,SDF,8496
ANC,SEA,43844
YOW,EWR,2734
SEA,PHL,10155
MKE,MSP,21581
BWI,FNT,3254
YUL,DCA,2647
PUJ,PIT,1379
ATL,GPT,8506
ORD,ICN,11363
PHX,SMF,29834
TPA,CLT,37034
PDX,DEN,35474
LAX,SFO,145322
IAH,ATL,27598
ATL,LEX,11229
MOB,IAH,4481
YYZ,ATL,15898
MXP,MIA,6052
DEN,HSV,1103
PWM,ORD,1353
VPS,DFW,4400
DTW,BMI,1266
TYS,IAH,2334
SJD,DEN,7286
DCA,ISP,1758
TTN,RSW,1593
DFW,GRR,4553
PHL,PVD,10668
DTW,CIU,1459
CTS,GUM,1744
ORD,BOI,1243
CLT,RDU,32423
ATL,MAN,3650
SJU,BOS,15430
DTW,PBI,6093
LAS,LAX,109132
AEX,IAH,2190
MCI,DCA,5208
RSW,DEN,6314
CUN,SFO,3922
RNO,SAN,5203
ORF,MDW,2303
LAX,IAD,42329
NRT,EWR,7245
SEA,LAS,43298
RNO,DFW,7262
ATL,SXM,3551
YXE,MSP,3101
ATL,KIN,3079
MIA,SAL,10094
AVL,PIE,1476
MIA,IND,3605
ELM,PIE,1230
HKG,JFK,23627
SFB,LIT,1049
DFW,MCI,23465
IND,DFW,15875
MKE,EWR,2702
SNA,SFO,35004
MSP,PHX,64348
ORD,FWA,4454
TPA,ORD,23006
IAH,COS,3901
MSY,IAD,4208
RAI,BOS,1191
SEA,STS,1885
EWR,MIA,29632
MDW,PUJ,2541
PVG,SEA,4520
ORD,CDG,9275
ROA,ATL,4727
MSP,GRR,10120
SMF,BUR,15927
ELP,HOU,6384
CUN,IAD,3611
ATL,CLE,14678
MCO,MSP,42749
RAP,DEN,5209
BUF,DTW,6404
NAS,ORD,1012
MHT,PHL,9423
IAD,ROA,1373
EUG,PDX,5778
LIM,FLL,4661
LIR,MIA,6680
YYZ,SRQ,3435
GEG,BOI,4338
LGA,CAE,1054
BWI,LAX,8071
RDD,SFO,1780
BTV,JFK,7173
ORD,DTW,28342
FNT,TPA,3788
GVA,EWR,3351
CLT,STL,13059
JFK,ORD,13820
FLL,BWI,43682
COS,SLC,2132
CLT,MSY,19814
MLI,AZA,1342
SEA,MIA,4858
AZA,RST,1319
SYR,DCA,5369
DXB,SEA,8000
PUJ,CLE,1145
ATL,MYR,5751
MSY,STL,4443
GPT,SFB,1303
ACK,HYA,3834
BOS,AUA,4732
LAX,RDM,1122
CDV,ANC,1078
ORD,SJU,12646
JFK,MUC,5203
EYW,CLT,4802
CLT,ALB,10124
YYZ,PHX,6699
BNA,PHX,8022
MTY,IAH,10143
BUR,SMF,16472
IAD,YUL,2869
DTW,LAX,25416
LAS,FAT,5551
HOU,LAS,16525
DTW,MDT,3628
GCM,IAH,2813
CLT,FAY,7898
DEN,FAR,6207
MFR,SLC,1936
TUS,PHX,15454
LAS,SMX,1748
LAX,ORD,84453
SLC,STL,5171
ANC,ORD,2463
ATL,CMH,27311
MZT,LAX,3350
SUX,ORD,1613
IAD,GVA,3082
BOS,MBJ,1264
BOS,SFO,40933
CLT,GNV,4396
SFO,ASE,1363
PHL,FCO,4675
SBA,SEA,1606
MIA,STX,6191
MKE,DCA,5935
DUB,MCO,2233
PVR,ORD,7308
DEN,GUC,1062
PUJ,MKE,1019
PIE,GRR,1840
ORD,SEA,34945
BSB,ATL,4470
EWR,OSL,6698
TPA,MSP,20702
MDW,LIT,3077
IAH,PVR,4979
CUN,BOS,3267
BOS,RIC,6322
DCA,MSY,8058
MDW,PDX,3228
MTJ,DFW,1644
MSP,TUL,1221
OMA,MCO,1552
PDX,KOA,4571
IAH,DAL,6493
JFK,OAK,2021
YQT,ORD,1123
MCI,EWR,3539
OMA,PHX,15390
BWI,DEN,18675
XNA,DFW,11549
HOU,DAL,64417
GSO,LGA,2405
JNU,ANC,6709
ATL,SYR,8131
MIA,SNU,2202
FCA,DEN,2901
EUG,SLC,2224
HSV,DTW,1236
DUB,EWR,4707
MID,MIA,1081
MCO,TTN,2906
IAD,SJU,2137
NRT,SAN,4879
ABQ,ORD,3415
ORD,CAE,2379
DEN,MSN,8504
SCE,DTW,1827
BFS,EWR,2313
IAH,ONT,4050
SLC,FAR,1383
MEX,PHX,8480
IND,BOS,1612
ORF,ORD,3408
FLL,CLE,4753
ISP,FLL,8195
PSP,PDX,3687
PIT,SFO,1584
MCI,IAH,8387
MIA,TXL,5280
AZA,IDA,1485
STL,LAS,11914
RDU,LGA,15329
AZA,FSD,2702
RNO,PDX,4680
ANC,OGG,1858
KIX,HNL,22742
TLH,DFW,2099
FLL,IAG,4545
MIA,SFO,15960
LAX,ELP,6678
DCA,TYS,1630
MKE,PUJ,1120
BQN,FLL,2113
FCA,LAS,1284
DEN,TPA,16904
JFK,PBI,17462
SGF,SFB,1376
DFW,BHM,6353
SNA,PHX,42655
JAX,DTW,1573
FRA,EWR,14326
STR,ATL,3610
IAD,MCI,3193
PHX,BOS,14125
ORD,MSP,52195
MSY,MDW,5173
CLE,DCA,2269
SAT,IAH,22133
LAS,CPR,1290
EZE,JFK,13242
SFB,TUL,1212
SFB,PSM,1292
EWR,SJD,2119
SLC,EKO,1493
SXM,SJU,2789
EWR,RDU,7245
KTN,JNU,2398
MCO,BUF,13619
DAL,ELP,16188
HRL,IAH,3580
JAC,SFO,1197
DEN,BOI,16545
DCA,PNS,1078
AVL,ATL,8100
BWI,MSP,7284
BOG,MIA,34109
JFK,PEK,12409
FCO,BOS,1815
ATL,CAK,16093
JFK,LGB,6250
MIA,DFW,48135
IAH,SMF,8821
MSP,FAR,12911
PHL,ZRH,3489
MCO,MEX,8629
SAN,SJD,7207
PHX,CLE,3955
SJO,JFK,7589
CLT,MGM,2265
LAS,DEN,73844
MKE,DEN,18905
LAS,SLC,37942
DFW,LGA,51821
JFK,JAX,7094
MNL,SFO,11587
ORD,NRT,24758
YLW,SEA,5726
IAD,JED,3626
MSP,MCO,42493
MOT,LAS,2590
PHX,DCA,12508
PHL,LAX,28896
SJD,ORD,5305
CCS,IAH,4122
PHL,PUJ,7533
LAS,LRD,1312
BDL,MDW,5095
ACY,MYR,3165
YEG,DEN,4823
MOB,ATL,9188
KEF,IAD,1258
IAD,PIT,5890
MCI,CVG,2105
SFO,PVR,8189
JFK,NRT,24035
HOU,MAF,5981
CLT,BDL,17764
ATL,GSO,16235
EWN,ATL,1968
SBN,SFB,1414
AZA,RAP,1588
SEA,SUN,1297
SJO,ATL,9718
MCO,DUB,2746
AZA,PVU,1169
BUF,BWI,15578
BNA,MDW,15004
SFB,YNG,1427
GSP,BNA,2145
GEG,LAX,1656
AZA,PSC,1356
IAH,SJU,5006
ORD,LGA,78712
MCO,PHL,51990
CUN,LAX,10285
DAY,DEN,4742
SFO,MIA,15340
DSM,IAH,2126
AKL,HNL,5348
FLL,BNA,8235
LAX,SEA,63705
DTW,DFW,29381
ATL,BQK,1903
MSP,SBN,1043
AZA,GRI,1360
STT,CLT,6161
TPA,YYZ,12657
MEM,MSP,5369
SFO,PSC,1553
EWR,SDF,1600
PIE,FSD,1319
ATL,BTR,10403
FWA,SFB,1409
SAV,EWR,1051
MSY,LAS,7596
TPA,HAV,1445
PHX,LIH,4562
CMN,JFK,5290
ORD,PUJ,3139
IAD,CPH,3586
SAL,ORD,2636
IAD,CLE,4695
EWR,PWM,4052
JFK,POP,3375
DHN,ATL,3750
GRR,CVG,1985
JFK,CTG,2195
GUM,SPN,4390
PGD,SGF,1258
BWI,HOU,8267
STL,OKC,2699
EWR,FLL,40136
CUN,STL,3991
MSY,MCI,3331
PIT,CVG,1657
CLT,IAH,37922
IAH,ORF,1390
EWR,PHL,6477
ORD,LAS,38647
LAX,ZLO,2638
AMS,BOS,7687
PDX,DFW,18251
HOU,SNA,3829
SAT,MTY,2148
MIA,ORD,45416
DEN,GEG,17387
ORD,WAW,3833
GRU,JFK,29957
MIA,AUA,9334
SHV,LAS,1384
SJC,PDX,20470
TPA,MKE,6458
MSP,BJI,1652
DAL,LIT,10521
FLL,CVG,4637
MAD,JFK,17464
BWI,CMH,9110
DFW,GUC,2502
MEX,SFO,14840
DFW,ONT,15431
NRT,PDX,4751
PBI,ATL,50701
YYZ,JFK,7933
AUS,LAS,14301
PIT,PHX,10989
DCA,BUF,3342
DTW,MKE,12139
EWR,HOU,6031
CHS,BNA,2673
LAX,BNA,18304
ATL,JAX,48921
LAS,DCA,4014
ORD,PIA,5005
BWI,PHL,9303
TUL,MDW,1972
MIA,CLT,36789
SYD,DFW,8033
MIA,ASU,2148
HOU,PNS,2595
MKE,RSW,6936
ABQ,SFO,1287
SJO,PHX,2670
PVD,PHL,10948
DFW,YYC,5987
MCO,CMH,10590
CVG,BNA,1580
SJU,JAX,1910
MIA,RTB,1033
LAX,SBP,4001
JFK,BGI,6213
CLT,HSV,6348
JFK,DCA,10236
SBN,AZA,1335
CLT,CHS,17263
BOI,SLC,11077
DTW,MSP,29793
EWR,ORY,2841
FAY,IAD,1235
ATL,GRK,2525
CAK,ORD,2367
PHX,SFO,39510
CLD,LAX,3745
STL,LAX,13162
TTN,FLL,1300
SNN,EWR,3514
TPA,CID,1441
DCA,JAX,6650
SAT,BNA,5471
DFW,CHA,2196
YUL,IAH,1511
ATL,SCL,5635
ORD,LIT,5122
BNA,YYZ,1569
PSP,YYC,7487
YYZ,CLT,6897
BFL,DEN,1560
RSW,MDW,12442
SFO,STL,2259
JFK,IST,16316
SEA,YYC,5468
IDA,DEN,3093
SAL,IAH,11331
AUS,BOS,1772
SFO,CDG,11133
DEN,DCA,17236
PTY,ATL,4653
DTW,CHS,1158
CLT,MBJ,9765
PHX,FAT,8412
SAT,LAS,15219
CLT,SDF,12036
EWR,ZRH,8481
MCI,DEN,37897
PHL,SDF,2477
OAK,LIH,1778
IAH,RDU,4679
SFB,LAN,1318
MIA,KIN,9483
LIR,IAH,9987
PHF,PHL,2091
DFW,BJX,4721
BJX,ATL,1554
YQB,PHL,2060
VQS,SJU,3311
ALO,ORD,1354
DTW,ATL,47512
EWR,AMS,7253
SJU,PUJ,1705
BWI,STL,10579
DEN,IND,17265
FPO,MIA,4239
RDM,PDX,8181
MDW,IAD,10024
KWI,IAD,4128
PUJ,JFK,11864
MYR,ACY,3461
CID,DTW,3506
SFO,AMS,5133
ABQ,JFK,1549
CWA,DTW,2319
GUA,DFW,4210
EAU,ORD,1207
JFK,STL,1043
CLT,PVD,15144
MGM,DFW,2464
ANC,FAI,20495
DUS,MIA,6734
JAX,ORD,5333
LAS,YYJ,1064
ATL,SDQ,4012
TOL,PGD,1328
MSP,BUF,1418
ATL,LHR,20933
MCO,IAH,33757
SDF,LAS,3657
ATL,MLB,12221
EZE,MIA,43242
MDW,MSP,26382
ZRH,BOS,5236
SFO,SAN,54103
ATL,PHL,58953
SEA,AMS,7536
MFR,SEA,2395
JFK,KEF,5524
BRU,JFK,9863
RAP,DFW,2214
LBB,DEN,1726
BLD,GCN,1823
ATL,MUC,5559
MSP,ORD,54057
LYH,CLT,5889
JFK,IND,1454
LAX,LAS,97296
SFO,CLT,26206
FRA,DEN,7704
STL,DTW,12183
BOS,CMH,1227
CLT,MEM,15565
MKE,CLE,3279
SJO,MIA,20702
PHX,DEN,93370
ATL,STR,3577
SLC,JFK,22186
MDW,AUS,5527
MZT,MSP,2254
OKC,SLC,1991
LAS,SMF,25384
TPE,GUM,5365
FLL,AUS,6206
NRT,IAD,13381
LAS,MSP,43254
DFW,YYZ,7845
MSP,MDW,30091
HDN,MSP,1653
MBJ,IAH,1807
ATL,SGF,4965
IAD,LGA,5042
PHX,OAK,27730
FLL,BOS,24731
TXL,ORD,2417
EWR,DFW,25433
PVG,LAX,22037
HOU,GSP,2906
GEG,DEN,17252
CLT,PIT,27657
SPI,ORD,2395
PIT,CLT,29178
ATL,PIT,28420
TPA,PHX,14293
FLL,MDE,8377
BIL,LAS,1379
SCL,DFW,6795
ORD,ARN,3714
GSO,EWR,1975
DTW,PDX,2482
SAF,DEN,1654
LAS,BOS,5041
IAD,CHO,2184
MEX,IAD,6225
BNA,ATL,25465
SFB,DSM,1623
MDW,LGA,16837
PIT,LAX,3968
DCA,BGR,1932
DEN,SHV,1090
CPH,FLL,2279
TPA,IAH,18562
MSP,MSN,9279
ATL,SJU,24943
TRC,DFW,1522
BZE,IAH,9063
ORD,LNK,2887
TYS,DFW,5509
IAD,NRT,12051
DFW,GDL,7304
SFO,DTW,14616
BUR,OAK,32597
DFW,SAL,4515
AMS,SFB,1255
IAH,UIO,2712
IAD,GRR,1460
DAY,DCA,3965
STC,AZA,1478
MEX,LAX,36715
MLI,SFB,1598
AKL,LAX,20456
JFK,ZRH,9690
MFR,LAX,3248
BUF,CLT,12606
LAS,MDW,23192
EWR,IND,5521
SFO,KIX,5645
IAH,SEA,26818
SFO,IAH,38653
PDX,MSP,11768
HHH,CLT,2725
YYZ,MCO,28195
BUF,ATL,14434
DCA,HOU,4998
HOU,ATL,34005
AMA,IAH,2528
BWI,DAY,4631
MEX,SNA,6346
CLT,TRI,5265
EWR,AVP,1305
CHA,SFB,1289
AUS,FLL,6212
OME,ANC,2738
MSP,BIL,4241
MSY,ATL,48633
CVG,BWI,2501
GRU,MIA,46907
OGG,PHX,8141
IAH,MID,3004
IND,DCA,6966
SEA,ABQ,3033
CLE,RIC,1640
YYZ,MIA,25892
DFW,LIT,14071
ILG,MCO,2996
ZRH,JFK,9615
LAX,AGU,1610
IAH,RSW,7440
DEN,RDU,3931
MCO,MHT,8048
IAD,AUA,1185
ZIH,LAX,4205
AMA,LAS,3457
BWI,IAH,6663
IAH,CAE,1119
DCA,FLL,21543
SAN,LAX,26276
STL,SEA,3898
LAX,MNL,2108
LAX,RDU,7454
FSD,LAS,2691
LAN,ORD,1751
MEM,LAS,2101
ZCL,MDW,1211
IAD,TYS,1808
RIC,MSP,1399
IAD,KWI,3266
DFW,AEX,2847
BWI,ATL,50125
MCO,ORH,2125
YEG,PHX,12622
JFK,CCS,3061
PHX,OGG,7713
AUS,BNA,6869
MSP,BMI,1009
SEA,ALW,2695
PSP,DFW,11345
ALB,FLL,3534
MCI,BOS,4622
MIA,MAD,15477
DFW,HDN,3344
SFO,DEN,59335
YOW,LGA,1886
DKR,JFK,1250
HOU,LGA,7041
MDW,JAX,3228
PSP,YEG,4239
IND,IAH,6545
DTW,PVD,4464
MIA,STL,9161
ABE,CLT,4043
DEN,BOS,22071
MSP,YYZ,6860
FLL,YQB,4108
TPA,CMH,5801
EUG,SFO,7708
TAM,IAH,1204
WAW,ORD,4288
DTW,JAX,1644
SWF,DTW,2620
SFO,CVG,2272
CLT,MUC,5060
MLI,DTW,3139
JAX,BOS,3579
ATL,PHX,47135
MSP,YQR,2068
DTW,MTY,1590
LHR,DTW,4384
TTN,ATL,2320
SAP,MIA,10613
RNO,LAX,13657
EWR,ATL,31381
MLI,DFW,3572
KIX,SFO,7246
YYZ,IND,1137
DTW,HPN,2162
BZN,DEN,11084
ATL,TGU,2927
SPN,ICN,11694
DEN,BDL,4004
FAR,SFB,1305
DEN,ICT,6943
DEN,CVG,8549
BWI,SJU,7102
PLS,EWR,3009
FLL,CLT,36151
FWA,AZA,1413
SCL,JFK,7189
FAY,CLT,7207
IAH,PDX,9874
EWR,CMH,6038
LAX,ANC,2268
SFO,YYC,4966
PBI,BWI,10936
DTW,ALB,4065
LGB,BOS,2267
MGA,ATL,3530
MLI,MSP,1307
CLT,SBY,2096
SAV,ORD,1093
SFB,RFD,1343
MCI,PDX,3366
HRL,DAL,3028
LBB,IAH,3084
HSV,ORD,1603
LAX,SVO,5652
ELM,PHL,2115
PTY,IAD,6564
IAH,CZM,1668
PIT,IAH,10306
YUL,LAX,5367
BUR,JFK,3337
BRU,EWR,13325
RDU,MIA,9999
TGU,MIA,4549
DUS,JFK,4699
ATL,CAE,11725
SMF,LAS,26003
MSP,LAX,36759
PGD,GSP,1384
EWR,HNL,6034
LGA,YUL,6497
JAX,MDW,2014
MSP,CZM,3031
BUF,MDW,7751
LAS,IAH,40170
TYS,ORD,5503
CHS,CLT,17772
YEG,PSP,3972
MCI,PHL,3916
HPN,MCO,8582
ORD,MHT,2582
CLT,DAB,6523
IFP,MSP,1042
DFW,SJC,17760
DTW,SCE,1877
LIT,DAL,11424
MCO,DTW,49116
SAN,MCI,4101
ATL,AVP,1608
MIA,HAV,16372
YTZ,BOS,4342
JFK,ACC,3753
DXB,LAX,14351
LAS,ELP,8092
PTY,MCO,16768
MHT,LGA,2531
DEN,GJT,5351
ALB,IAD,3653
DFW,MKE,9408
LCK,SFB,1269
PSC,SEA,8447
PGD,FWA,1588
GSO,ATL,15602
SEA,DTW,12579
ATL,GRR,9051
LAS,IDA,1202
BDL,MSP,7345
ACY,MCO,9293
AVP,EWR,1611
ORD,AUS,11700
FAR,PIE,1378
PHL,MSY,4930
MEX,DFW,22540
FAT,SFO,4468
BIL,MSP,4403
JFK,RSW,10270
MOT,MSP,7216
HOU,AUS,11756
PHL,EWR,6818
PHL,SYR,6923
IND,IAD,4462
PHL,CDG,5224
SYD,SFO,8391
GSO,SFB,1293
PDX,SFO,42241
SLC,LAX,44598
CVG,STL,2235
GRI,DFW,1966
DFW,LAS,56376
SFB,HGR,1358
IAH,MCI,8567
PHL,ITH,2707
IST,ORD,7052
MBS,MSP,1147
TUL,DFW,20802
GTF,DEN,2629
MSP,MSO,2591
FRA,ORD,20960
DEN,OGG,2685
MCI,STL,11007
ATW,ORD,3210
DFW,MEX,21901
EYW,DCA,1681
DCA,SJU,3856
BDA,BOS,2044
MDW,SJC,3027
CVG,DEN,8379
DAL,HRL,2925
CAK,TPA,3185
YEG,SFO,2364
CLT,YOW,1173
PHL,SAT,1757
MDT,PIE,1685
JRV,VQS,1565
ATL,CRW,4698
OKC,LAX,3476
PIA,ATL,3129
EWR,PVR,1383
JFK,DOH,8835
MSY,PHX,3762
PIT,MCO,13399
DFW,LHR,24443
ITH,EWR,1691
MDW,DTW,14481
DEN,SAF,1778
SDQ,BOS,3530
IAH,SFO,41801
IAH,SHV,4127
GUM,MNL,20361
IAH,HOB,1179
MSP,BZN,5821
LAX,SJO,5170
MFR,SFO,4129
PIE,PBG,2028
DSM,DEN,12528
ATL,MHT,2282
HNL,BNE,2988
JFK,MCO,51973
PVG,SPN,4896
PHL,PHX,30608
RSW,GRR,1685
BOS,CVG,5211
DFW,BTR,7296
BLI,HNL,4590
MCO,RDU,11570
MCO,BOS,28537
PHL,IPT,1583
PHL,RIC,6303
PWM,DTW,3272
HNL,JHM,1226
PUJ,MSP,1929
AZA,FAR,2715
TPA,TTN,1392
DTW,BGM,1826
MRY,SAN,1347
LOS,ATL,5372
SYR,JFK,8601
ORD,LAX,83712
TRI,ATL,6983
TPA,PTY,1606
EWR,SEA,16573
LAX,XNA,1414
CID,AZA,2556
DFW,NRT,12732
PBG,PGD,1294
PHL,GSP,1890
PHX,SJC,28210
DFW,CUU,1511
CLT,RIC,18929
DCA,LAS,3935
PSP,SLC,2949
DAL,LBB,12457
MCO,CLE,9155
SMF,ONT,16680
ATL,PBI,46989
ORD,OKC,6365
GCM,TPA,1443
BJI,MSP,1789
MCI,CLT,12147
EWR,YEG,1991
DTW,CUN,9859
MDW,SFO,6097
HOU,OKC,10468
MFE,DFW,12736
DEN,BZN,10988
DTW,OMA,2744
DFW,MOB,2968
LAS,MLI,1370
PHL,AMS,3214
MKE,LAS,10945
MIA,DEN,13628
ALB,EWR,3581
DTW,PVG,6453
LAS,CLT,23377
SDF,MIA,2043
DEN,TYS,1530
DTW,IND,8966
DFW,AMA,7539
IAH,GDL,8242
BTR,ATL,9631
LAS,MOT,2638
DEN,BIL,9325
SXM,JFK,11354
MIA,CCS,44585
SFO,ATL,36727
LGA,RIC,2950
PHL,ALB,6211
IPT,PHL,1755
ABE,SFB,2904
STL,CUN,4100
IAH,SNA,14608
ICT,DAL,3846
ARN,FLL,2203
SFO,SNA,31373
AVL,ORD,1161
MSP,FNT,1397
MCO,BHM,6346
DCA,JFK,9565
ELP,LAS,8795
FPO,FLL,2742
STT,FLL,3899
DAL,MCI,25111
TPA,DCA,18909
PHX,RNO,15242
LAX,PVU,1253
MGA,MIA,18186
GUM,CTS,1984
ORD,CLE,22406
KOA,YVR,5189
JFK,BUF,17253
LBB,AUS,1892
MOT,AZA,1560
BOS,BNA,2758
EWR,YYC,1624
FLL,TTN,1280
SEA,HNL,25110
JAX,TPA,1255
RNO,SFO,8366
PAH,ORD,1216
DTW,ERI,2958
MHT,ATL,2328
DEN,DTW,25957
SRQ,LGA,4479
YQB,EWR,2647
LAS,MKE,11124
AUS,DAL,28842
BOS,YYZ,1697
YUL,PHL,3910
JFK,SJO,7702
MCI,DTW,6552
CVG,BDL,1593
MSP,MLI,1141
JAX,ORF,1953
MDW,SMF,3518
IAH,MEM,6232
LAS,SCK,4268
OAK,PDX,20008
GRU,LAX,8742
BDL,MCO,16648
SAN,SJC,25945
BUF,JFK,16037
PHX,MCO,19841
IND,LGA,4148
MSP,DCA,19532
SEA,LHR,9123
IAH,BHM,5030
ROC,BOS,1809
ATW,DTW,4110
SFO,JAC,1160
ORD,TYS,5356
ICT,DEN,6240
BWI,LHR,4044
SAT,DFW,45864
AMS,MSP,15279
DCA,HSV,3052
BDL,MIA,6941
MBJ,ATL,15554
PHL,HVN,2698
MSP,ICT,3109
CLT,SJU,13392
YYZ,ORD,18467
ANC,CDB,1030
ORD,ASE,3617
DFW,CID,5698
BTV,DTW,3270
CID,LAS,1358
DEN,BMI,1926
LIH,SEA,6143
CLT,SAV,13603
PSC,MSP,1980
AMS,ATL,20511
MCO,BNA,12886
LSE,MSP,3645
RDU,MCO,11107
DTW,MEX,5773
LAS,GRR,1355
IND,SLC,3000
PIE,ABE,1635
AMS,IAH,11422
IAH,MLM,1003
LSE,ORD,2597
JFK,BTV,6870
FLL,MSP,13689
HPN,ORD,4312
SJC,NRT,3803
LBE,MCO,3800
SJU,BDL,6082
OAK,EUG,1144
MAN,MCO,8126
GDL,LAS,5014
SIT,KTN,2352
MCO,SDQ,7070
ATL,HSV,12347
SLC,SAT,4187
SAN,MEX,2102
OKC,DEN,21551
SMF,OGG,4290
AUA,IAD,1324
YEG,ORD,2551
BRW,ANC,1883
TUL,DAL,12310
SEA,ATL,28353
SFO,MFR,3595
JAN,ATL,13040
DTW,NGO,9573
HOU,DCA,5862
MCO,YWG,1458
ICN,ORD,12230
MIA,SDQ,19657
BOS,CAK,2209
BUR,DEN,8725
DFW,LRD,3856
EWR,STR,1591
LAX,TPA,2822
ORD,DUB,6308
YUL,FLL,29309
TUS,LAS,12165
STL,PHX,19583
TPA,ISP,3667
DFW,CLE,9286
DFW,SAN,37944
DFW,YVR,7733
FRA,MIA,14355
ANU,JFK,3060
LGA,PIT,10089
EWR,MKE,2974
IAH,LAX,57447
SVO,IAD,1434
BUF,PHL,6549
BOI,LWS,1406
ATL,STL,33037
MSP,GEG,7419
LGA,DTW,33420
ORD,EWR,38274
RSW,BOS,22598
SJU,MSP,2187
MUC,LAX,5282
YYZ,PIE,1265
RSW,CVG,4713
MSP,PSC,1656
ORD,MBJ,3984
LGA,JAX,5429
SPB,SSB,2988
DAY,DTW,3343
MBJ,PHL,5891
PGD,IAG,1653
SLP,DFW,2472
PIT,MDW,11298
SAN,LIH,1737
MIA,RDU,11117
LAX,BOS,32676
ORD,SUX,1625
ATL,EZE,5892
DFW,DEN,69856
SJC,LAS,26619
BOI,GEG,4270
DTW,FRA,9988
STL,MSY,5048
MSY,ORD,10427
SAT,MDW,4283
IDA,AZA,1684
TPA,BOS,10347
MIA,PTY,35662
MIA,FCO,6130
RDU,SFO,4250
MKE,MCO,12405
TVC,ORD,4045
MGM,CLT,1793
CAE,ORD,1851
IND,DTW,7675
SFB,ROA,1155
IAH,AMS,11908
SGF,PGD,1210
LAX,HND,10707
DEN,YUL,2035
MIA,UIO,12510
FLL,CPH,2380
CLT,JAX,23447
PTY,ORD,3545
BZN,ORD,2002
CLT,CHA,6403
IAH,TUL,9317
DFW,RSW,12082
FLL,TLC,1382
GFK,SFB,1392
PTY,TPA,1888
RSW,MKE,6604
ORD,MEX,16062
IAH,LAD,1546
MDW,GDL,2845
DTW,SYR,4592
MDW,ONT,3862
EWR,BWI,4319
CLE,ROC,1388
SAT,EWR,2637
HDN,DFW,3712
CSG,ATL,2035
BNA,MCO,11433
DCA,PIT,4886
MDW,ALB,6183
LAS,TUL,3729
AUS,DEN,24331
EWR,ANU,3632
IAH,YEG,7306
PHF,SFB,1223
SJC,DFW,16925
JFK,EZE,9681
SYR,LGA,4793
FPO,ATL,2037
CHA,DTW,1133
PWM,IAD,1534
SEA,STL,4064
OMA,MDW,11459
DEN,ASE,8639
GRK,ATL,2088
HPN,PBI,12737
OGG,KOA,8222
AUA,JFK,11051
FAT,LAX,7699
JED,JFK,4759
DTW,SAT,3664
IAD,COS,1301
BNE,LAX,12106
FRA,LAX,11180
XNA,MSP,1638
MCO,SJO,6534
DEN,MEX,4317
MIA,GGT,1818
TUS,SLC,3344
LAX,ASE,4175
SEA,MSO,5670
ONT,PHX,31056
IAD,SFO,36932
GDL,ORD,3154
FSM,ATL,2671
DFW,EVV,1325
MIA,SVO,2887
MDW,TUL,2571
SAN,STS,1592
DFW,BOG,2608
DTW,BGR,1155
ATL,BOS,48375
BUF,MSP,1259
PIE,MDT,1761
SJC,ATL,3310
ORD,ALO,1376
GYE,MIA,9597
OKC,DTW,1514
DTW,PHX,28439
MHK,AZA,1085
SLC,BUR,3211
GCN,BLD,1794
VGT,GCN,1230
BLA,MIA,3374
LIM,ATL,5856
STL,CLT,12827
MTY,DTW,2023
MTJ,LAX,1357
PHX,FLG,3506
IAH,MTY,9718
JFK,CMN,3822
PDX,RNO,4798
DUS,ORD,6098
PHF,CLT,7327
IAD,IST,7399
MIA,LIR,5915
LGB,JFK,6226
IAD,BDL,5033
AMM,ORD,4975
SEA,KTN,8161
LHR,CLT,4535
DFW,FSD,3530
SJC,SLC,5822
PIE,SBN,1597
DFW,TXK,2495
PHL,TLV,6025
MZT,DFW,1181
SFO,CUN,3406
BHM,MDW,3844
STT,IAD,1442
PSP,DEN,7689
PIA,DTW,2082
ALB,CLT,11118
DCA,BOS,45274
STL,PUJ,1013
FCO,JFK,12771
SWF,PIE,1391
HNL,HND,21603
MDW,RDU,7488
IAD,DAY,1971
BTV,IAD,3149
SKB,JFK,1079
DEN,SNA,33904
MIA,AMS,1308
PHL,MKE,5343
PIE,LEX,2076
BOS,LAS,5577
EWR,MBJ,1370
YYC,IAH,19086
BDL,EWR,2914
LAS,SHV,1363
SYR,ATL,7740
DEN,YWG,3271
SMF,JFK,2177
MSP,FSD,9743
LGA,CMH,7027
MIA,VKO,2785
BOI,PDX,11043
DEN,OKC,22766
MIA,BLA,4442
IND,MCO,11060
GRI,LAS,1472
MAR,MIA,4974
JFK,EGE,2579
SFO,FLL,15849
GTF,MSP,1922
MCO,POS,1274
DFW,EWR,24946
SLC,RNO,8946
CLT,PHF,7549
BOS,MSP,18511
IAD,SYR,3297
CLT,MDW,4531
FLL,OSL,2325
ATL,CSG,2252
DEN,SLC,64684
IAD,LGB,2692
YQR,DEN,2317
IAG,PGD,1680
CDG,SEA,4109
ATL,GNV,7981
SMF,IAH,9322
FAR,SLC,1522
AUA,ATL,6570
TUL,SFB,1221
ICN,DFW,12643
SMF,ATL,6869
PVD,BWI,22758
IAH,JAN,4881
PIT,ATL,30523
LAS,LHR,8296
IAH,IAD,12040
MDW,SLC,6219
BNA,LAX,17452
MIA,BGI,9934
MDW,GSP,3266
DTW,YYZ,7523
PIE,BGR,1501
GSP,IAD,2443
SGF,ATL,4927
ABE,PGD,1653
SLC,SJD,2072
LAS,SBN,1271
FRA,SEA,4658
SLC,SJC,6625
SAV,PHL,1292
IAH,PNS,4425
PHX,LIT,3469
PHL,YOW,2251
DAB,ATL,14820
CLT,CHO,7637
ATL,AGS,10077
DME,IAH,3337
SFO,DCA,6685
BRU,PHL,3494
LGA,GSP,1392
EWR,CLE,11433
MIA,MID,1100
SFB,MLI,1334
MCI,ATL,34199
PGD,ISP,1584
YHZ,EWR,3035
MSY,MKE,2422
AMS,PDX,4012
FLL,CTG,2969
ABQ,HOU,9292
CVG,SFO,2265
CLT,IAD,18949
SDF,PHL,2878
CHS,ORD,2599
AMS,SEA,7998
FRA,JFK,25345
FLL,DTW,36814
BIL,DEN,9756
CLT,ROA,8083
UVF,JFK,3666
ATW,ATL,3069
GRR,PIE,1863
BLI,OAK,1450
BOI,DEN,16618
LAX,IST,8886
MCO,MKE,12119
PSC,PDX,1920
SAN,IAD,11661
CAE,IAD,2685
MDW,SAT,5410
BGR,DCA,2097
MIA,CNF,8305
MCI,ORD,15530
ATL,ILM,6535
PHX,SBA,7129
EWR,PLS,2390
PGD,SPI,1458
MSP,HRL,4312
IND,PHL,8112
LAX,FAT,9206
ISP,MCO,10408
LAX,STL,14100
LGA,YOW,2038
MIA,DUS,7454
BLD,BLD,1593
PPG,HNL,1656
HNL,NRT,61898
JAX,DCA,6777
BDL,CVG,1867
GRU,ATL,7238
PHX,SBP,4518
OAK,SEA,32010
DEN,PHX,92473
FLL,HOU,7508
CAI,JFK,6289
DFW,JAX,12126
UVF,MIA,5114
PHX,ATL,45929
EWR,DTW,11882
AZA,BLI,2742
ATL,JFK,19884
HOU,DFW,10233
YYT,EWR,1006
CUN,MDW,4253
IAH,OKC,12198
MDT,DTW,4047
DTW,RSW,29448
EWR,GRU,6737
SJC,SEA,26050
SEA,FLL,4558
MSY,DFW,23937
SEA,SAN,24053
MTJ,DEN,4901
AUS,PHX,22343
GCM,ATL,4103
EWR,BUF,5041
SEA,PVR,5254
KEF,JFK,5066
PGD,DSM,1292
HTS,CLT,2818
PVG,SFO,17846
COS,DFW,12218
CAE,DFW,3095
POA,MIA,5647
GSO,ORD,2689
BNA,GSP,2656
ATL,LIM,5575
LIT,DTW,1028
PHX,YEG,12061
ACV,SFO,3403
FWA,DTW,4341
AUS,TPA,2414
DTW,GSO,2492
PVU,LAX,1314
LAS,MEM,1604
STL,OMA,8842
STL,LGA,15662
ORD,HDN,1125
GRR,ATL,8866
YOW,DTW,2288
EYW,MSY,3007
SFO,LAS,65048
BGR,PHL,5052
GCM,JFK,2501
TPA,BUF,4863
OAK,SNA,24173
ATL,PVD,7794
SFB,CHA,1326
FAT,PDX,2024
FRA,SFO,17938
IAH,GRR,1289
ATW,SFB,1436
DTW,NRT,7946
ATL,CZM,3160
LAX,PHX,72699
TUS,MSP,1991
HNL,LAS,25711
MDT,EWR,1464
IAD,AMS,8769
SAL,MCO,1360
IAD,LAX,41969
MDW,HOU,14256
DTW,YUL,4187
SAN,MIA,3695
LAS,TUS,13003
MIA,LIS,2955
ORD,IND,18389
EWR,HAM,2059
MSP,DFW,35416
GYE,JFK,11661
DFW,MTY,10002
JAX,IAH,4246
BFL,IAH,2739
PNS,CLT,5372
DFW,SLP,2127
YUL,DFW,3024
DEN,STL,26860
JAX,SJU,1938
MSY,PHL,4874
BNA,RDU,8314
DFW,MSP,32086
MIA,CUR,11868
CMH,MSP,6077
CLT,ATL,66862
IAH,LIR,8369
CLT,MYR,8872
LIS,EWR,6465
BQN,MCO,3834
MIA,SKB,5341
CLT,AGS,6785
ROC,MCO,3731
SAN,EWR,10275
SEA,KEF,3047
BWI,PVD,19810
SMF,SEA,23690
ONT,PDX,3640
BIS,LAS,1340
DEN,MOT,5594
STT,SJU,12662
BNA,JFK,1923
PIT,BWI,7573
CLT,SAT,8603
PIE,CHA,1328
ITO,OGG,5541
JFK,SXM,10783
AUH,JFK,8918
SLC,CPR,1774
AEX,ATL,4118
CLE,IND,2767
DFW,SPS,3203
BDL,FLL,11716
LAX,CDG,21045
MCO,ALB,6625
MDW,MHT,6874
NRT,BOS,4638
CAE,PHL,1860
PHL,MDT,4860
HSV,IAH,2824
ATL,LIR,4493
CTG,FLL,2537
BOS,SYR,1049
CLT,GCM,5153
SAT,TLC,1434
SJU,BOG,1328
SEA,IAH,26467
TPA,LAX,2969
SDF,PHX,2607
SEA,EAT,4094
MVD,MIA,6011
DFW,MCO,45903
PHX,DFW,60844
BOG,MCO,9550
PVD,CLT,15681
EGE,JFK,3086
SBY,PHL,2267
LGA,SYR,4939
CDG,LAX,20925
BZN,AZA,1507
LAX,GDL,36726
MCO,ATL,101621
GSP,PIE,2021
IAG,PIE,1413
CLT,TYS,11014
SEA,ONT,8175
PHX,LGB,10138
LIS,MIA,3109
MEX,IAH,32001
TYS,PHL,1404
DCA,PVD,7715
BOS,MUC,5123
IAD,MIA,11941
QRO,IAH,3860
CLE,LGA,9121
ATL,ASE,1185
BOS,PDL,1997
FLL,IND,3625
SYD,LAX,42454
JFK,LHR,97569
CLT,PDX,2221
HNL,ORD,10355
SLC,PSP,3051
HOU,JAN,5305
HYA,ACK,3835
MIA,BZE,5769
ATL,SLC,40842
DSM,LAS,6786
JFK,HNL,7160
PHX,MRY,3476
TUL,ORD,6138
LBE,DFW,1457
DFW,PBI,9999
IAH,QRO,3352
AMS,PHL,2376
LIR,ATL,4980
SFO,LGB,10771
YUL,JFK,3733
BMI,SFB,1371
MDW,OMA,12014
CLT,FRA,6955
ATL,ELP,5850
MSP,CWA,2759
BOG,FLL,15407
ABE,PIE,1865
DFW,IAH,38033
YUL,CLE,1357
MSP,YUL,1440
BOG,EWR,3218
PTY,BOS,3230
ILG,TPA,1242
GRR,LAS,1263
ROC,BWI,6194
HOU,TUL,6119
BOS,PHX,14652
MHT,CLT,2200
ICN,IAD,6250
SEA,YYZ,1634
DEN,GRR,5208
BWI,AUA,2456
SFO,RDD,1831
SYR,CLE,1466
CLT,CLE,18280
BDL,DCA,7692
BOS,BUF,6453
MSO,DEN,4352
LAS,SEA,44992
ABQ,SAN,5741
HMO,PHX,2380
MLI,ATL,4834
MSP,ATL,60337
DTW,STL,12773
PHX,AUS,20976
ORD,ABQ,3443
ICT,DFW,11200
CMH,STL,4634
SRQ,DCA,2427
YHZ,MCO,1749
YUL,ATL,5536
PIE,SGF,1478
OGG,SEA,16914
MKE,LAX,3325
DCA,YUL,3326
GEG,MSP,6775
FAT,LAS,5428
FLL,GSP,1384
ROC,IAD,4689
EWR,AUA,7586
LGA,FLL,58729
ANC,DEN,3723
PHF,ATL,5660
SJC,ONT,10377
MIA,TGU,4409
LAS,XNA,1326
EWR,CUN,9796
DFW,GPT,2882
SLC,HNL,7540
IND,FLL,3415
HNL,OGG,82949
CUN,CLE,2538
IAD,RIC,3268
BOS,AMS,7054
SNA,IAH,14584
BGR,SFB,1620
PLS,JFK,4639
MZT,PHX,4307
GRR,MCO,3813
HTS,PIE,1575
MAF,IAH,6739
SAN,AUS,6799
PHL,BWI,9553
DEN,JAC,6103
LGA,MSP,22730
IAD,PHX,4147
LAS,PSP,1157
MCI,LAX,10062
EWR,SLC,3612
BOS,HOU,7967
IAH,YVR,4291
HPN,ATL,7384
IAD,ABQ,1816
ZRH,EWR,8207
JFK,UVF,3252
ASE,SFO,1705
EWR,SYR,4081
BHM,HOU,4971
ATL,TPA,68853
ORD,MTY,1897
SLC,ABQ,5214
JFK,JNB,5805
LRM,MIA,1065
ANC,DLG,1082
MKE,DTW,13148
IAH,DOH,7281
GCM,PHL,1345
FLL,BQN,2083
SJU,TPA,11532
GDL,LAX,41121
BLI,AZA,2841
SAN,BOI,1768
PHL,ILM,1989
AZA,GFK,1287
SBP,SFO,3107
JFK,AUA,10932
DCA,MKE,6340
FLL,LIM,4218
LAS,FRA,2039
FLL,ALB,3161
ELP,AUS,4915
SFO,HND,3887
ORD,FLL,30955
MSP,RHI,1387
MCO,DFW,50699
DCA,STL,8468
PHX,BUR,24053
AUH,ORD,10852
DCA,CAE,1976
DEN,FSD,8830
PHL,PHF,2390
IAH,GRU,5045
PHL,YYZ,5049
DFW,GCK,2052
TUL,SLC,1131
ELP,ORD,3442
KOA,PHX,5264
MIA,LPB,4675
SLC,RDM,1872
BOS,STI,1878
SAV,CLT,13426
LAX,YUL,5368
LAX,YVR,30026
LAS,GRI,1475
PHX,BOI,9880
JFK,STI,25006
IAD,DXB,14775
MSY,CVG,1046
SFB,CID,1669
YYZ,BNA,1599
MKE,MSY,2570
LAS,PBG,1585
PWM,EWR,4377
IAH,HNL,7314
IAH,SJO,15060
BOS,YUL,3350
IAH,PEK,4593
ITO,LAX,2862
DTW,MSN,9897
STT,ATL,10140
HVN,PHL,2552
CLE,BOS,4481
JFK,DEL,8137
SEA,OAK,31225
ELM,SFB,1523
IAD,SAL,11554
SPN,PEK,2591
JFK,RIC,1914
SJO,IAH,15713
EWR,BTV,4919
KOA,OGG,9358
DEN,MIA,13686
SBA,PDX,1606
MIA,SSA,2518
MDE,JFK,2428
YYZ,LAS,19577
BOS,SEA,11761
PIE,SYR,1525
ICN,LAX,47026
PIT,RDU,2426
ORD,IAD,17460
GSP,MDW,3269
MBJ,MIA,9641
OKC,SFB,1137
ICT,ATL,7921
LAX,OGG,27874
MFR,DEN,1292
MSP,PVR,6720
IAH,TYS,2691
BOG,JFK,13482
MSY,BOS,1785
LAX,ITO,2615
YTZ,EWR,12013
SYR,PIE,1500
AUS,ELP,5731
SPN,NRT,9297
SFO,MRY,1895
RDU,FLL,5716
ATL,XNA,7124
GUM,ROR,1942
DEN,ISN,4518
DEN,DAY,5119
ORF,JAX,1613
ATL,MKE,29615
HNL,DEN,6418
YYC,ORD,5447
LAX,MEX,34096
SLC,YYC,2422
MCO,BDL,17361
ATL,AUS,29698
LGA,BGR,1843
IAH,DEN,59972
CLT,AUS,7870
CLT,CMH,14873
MCO,CVG,7819
PDX,HNL,11658
MCI,BWI,5621
SDF,DTW,4636
GPT,DFW,3036
IAH,LIM,4347
BNA,RSW,2303
MLI,LAS,1399
JFK,POS,11409
STX,MIA,6214
MCO,MSY,13199
DFW,LAW,3893
FLL,STT,3724
DAL,MSY,22859
OGG,LAX,32196
SMF,SAN,25628
LIR,ORD,1275
MEM,MIA,1026
DCA,MHT,5291
LGW,TPA,4727
MSP,RST,3493
YWG,LAS,2131
IAH,TGU,2813
BOG,SJU,1427
SMX,LAX,1134
YYZ,DEN,8074
YNG,PGD,1301
ATL,BZE,4211
MCO,MCI,8269
LCH,DFW,2014
PBI,CLT,21363
DFW,GRI,1914
RDU,IND,1053
RIC,DFW,8675
OAK,SLC,16840
MSP,SDF,3971
TLV,PHL,6809
EWR,ROC,4166
IAH,GIG,7440
AMS,JFK,23357
FWA,ORD,4931
SFO,DFW,55186
DEN,MFR,1182
SFO,SMF,4550
ROC,CLT,3762
CLT,ROC,3370
CMH,MDW,10920
YTZ,MDW,3611
IAD,STL,5361
MDW,PVD,6828
ATL,MSP,58024
GEO,JFK,5159
ATL,FPO,1521
LAS,ONT,17952
PHX,TUS,16864
MEM,CVG,1375
FLL,PVD,7798
YUL,MIA,12921
MDT,CLT,10240
FLL,ARN,2092
IAH,DCA,18367
CAK,PHL,2018
MIA,BDA,2942
DLH,LAS,1384
ABE,PHL,2697
ORD,OMA,12639
CVG,YYZ,1873
CLT,LEX,6670
EWR,LIS,6273
JAX,HOU,3465
IAH,DFW,39628
TPA,MCI,3831
SAN,HOU,8268
JFK,BOG,13819
MIA,GNV,1918
BWI,ROC,5970
YYC,OGG,6933
BWI,MHT,16788
VVI,MIA,4850
ALB,ATL,6783
DEN,LBB,1990
LIH,SAN,1929
LAS,OMA,6620
STT,EWR,3343
LIM,IAH,5039
GRU,ORD,6569
BRO,DFW,3393
TPA,MSY,9737
PIT,IAD,5596
HOU,MCO,14699
BNA,PNS,4023
ELP,PHX,21811
DCA,MSP,18013
DFW,MIA,45901
CRW,ATL,4955
MSP,ABR,2204
FLL,GRR,1197
HOU,MDW,13196
EWR,IAH,39504
MKE,LGA,11954
MDW,PIT,10798
EWR,MCO,52727
FNT,CLE,1928
OMA,DFW,16256
SFO,GUM,4200
GDL,SFO,6530
SLC,SUN,1820
LAX,MZT,3398
ABQ,OAK,5663
BJX,LAX,5585
SAT,MCO,5034
CMH,LAS,5291
FRA,PHL,9134
AUS,BWI,6918
GRU,DTW,5754
PHX,LAS,59409
MRY,SFO,2140
DFW,LFT,4439
IAH,VPS,2527
TPA,IND,6845
CHO,IAD,2040
LRD,DFW,3777
SFB,HTS,1284
MCO,MEM,7415
OGG,OAK,10095
JFK,VKO,4937
ABY,ATL,2296
DEN,COS,10143
PIE,GPT,2322
PIT,MIA,2444
SNA,DEN,32415
TPE,SFO,26273
LAX,AKL,23859
LAS,CMH,5452
AUS,SAN,6247
CLT,SAN,11284
ABI,DFW,6901
DTW,GRU,5927
GTF,SEA,2033
MUC,BOS,6078
SJD,SNA,2874
BOG,ATL,3937
EWR,DUB,4303
LHR,EWR,37564
CLT,SFO,25732
NAS,CLT,6840
ORD,ALB,4837
RDU,EWR,7131
CMH,DCA,6316
IAH,BOS,16710
YYZ,BOS,1854
LIT,BWI,2893
BWI,MEM,3094
IAH,MLU,1772
PHL,STL,10867
EWR,YTZ,13147
YYZ,CVG,1732
DEN,IDA,2936
DSM,ORD,12213
BOS,KEF,4265
SCE,ORD,1374
YUM,PHX,5409
YOW,FLL,4520
LGA,SRQ,4957
EWR,BRU,12209
DTW,AUS,4943
OGG,BLI,3364
DEN,BNA,19898
LAS,FCA,1177
GRK,DFW,8192
MFE,IAH,9063
MSP,PHL,20000
RDU,CLE,1262
DEN,SJO,2279
LIM,MIA,31664
JAN,DFW,7965
YUL,LAS,5852
TOL,PIE,1634
SFO,MMH,1078
LAS,FSD,2618
BWI,GSP,2575
SJD,IAH,7352
LAX,CLD,3514
SBN,PIE,1706
ONT,SJC,10796
SJO,FLL,12366
LAX,NRT,48510
YYZ,RDU,2033
MEX,MCO,7410
SLC,MSP,19550
PHL,AUA,2049
IAD,ZRH,4050
ROC,EWR,3645
DTW,BWI,19637
SAN,BOS,10496
RDU,LAX,6204
PNS,HOU,2422
PVD,IAD,3320
ORD,ANC,2385
CLE,BWI,9555
SFB,GPT,1309
MCO,SWF,2497
ATL,SNA,13861
GFK,LAS,1340
ONT,IAH,4227
BOI,ORD,1706
AVP,ATL,1830
IAH,DTW,17404
SEA,MCO,5924
BNA,SLC,2374
EWR,NAS,2517
ATL,STT,10123
PHX,BNA,7951
MDW,PHX,22378
MDE,MIA,9875
MSY,MSP,2872
MDW,PHL,12585
SDQ,ATL,4846
SJO,DFW,5335
JFK,PDX,6603
ORD,LAN,1836
MLB,ATL,12965
TPA,GCM,1193
DEN,CAK,3761
SEA,RDM,4071
SLC,AUS,4504
AZA,GUA,1002
MBJ,JFK,15862
TYS,SFB,2864
DEN,PDX,37297
MSP,XNA,1604
LAX,PVG,19635
DEN,SEA,53286
MCI,LAS,13687
BOS,IAD,17851
MKE,DFW,9120
MFE,LAS,3609
YYZ,PHL,3775
BNA,PHL,11032
DFW,DXB,7645
SFB,LEX,3227
JFK,PTY,10129
MSP,CLT,22036
IAH,GCM,2238
CLE,RSW,4507
STL,DFW,24586
BUR,LAS,27363
ORY,EWR,2965
MDT,SFB,1649
LAS,GJT,1205
BOS,PTY,2616
PPG,FGI,2182
MSP,BNA,6964
AMA,DAL,14112
SLC,DCA,7813
LAX,TPE,39257
LIH,PDX,2352
BOS,DTW,16454
NRT,DEN,5760
DFW,ACT,5113
ROC,MSP,1177
MSP,RSW,29504
MKE,MBJ,1032
ICN,ATL,12025
LAX,GJT,1061
BUF,DCA,2982
ACY,FLL,12918
SJO,LAX,5166
HOU,JAX,3527
BWI,CLT,36510
DCA,SRQ,2270
ATL,BNA,26086
COS,ATL,3609
IAH,MGA,7840
PHF,DEN,1119
MBJ,MDW,1838
EWR,NRT,6581
CLT,STT,5816
OGG,SFO,11863
SJU,IAD,2227
LAX,YYZ,18078
PGV,CLT,4191
SGF,LAS,1416
MSO,AZA,1311
FAR,DEN,6113
DFW,GSP,3793
FAT,SLC,2482
EDI,EWR,3619
IAD,ALB,3458
CUN,RFD,1102
PIT,DFW,11759
RST,MSP,3810
PHL,PIT,15817
DFW,SCL,5543
SFO,MEX,13144
SLC,CDG,3493
AZS,JFK,1150
ORD,LHR,32912
CDG,JFK,45120
SFO,MSY,2922
BLI,LAS,12832
PHX,BWI,15238
DFW,JAN,7699
EWR,LIR,1315
FLL,LAX,22032
BUF,BOS,6494
CVG,EWR,4664
SLC,BNA,2446
ATL,CHA,10108
DFW,DTW,29183
MQT,DTW,1941
GIG,MIA,17888
PSC,SFO,1668
GSP,DTW,3975
RFD,CUN,1176
BOS,SAN,10233
MIA,SCL,21423
KEF,SEA,3550
FAY,ATL,7170
DEN,ELP,3441
TUL,DTW,1473
BIS,MSP,8207
PIE,SWF,1437
TUS,ORD,5693
IAH,STL,6269
CLT,PUJ,6408
EYW,ATL,12992
STL,ORD,27217
CPH,ORD,4108
LAX,DXB,12705
MSO,SEA,5584
BTV,ORD,3602
AZA,GTF,1669
MIA,GRU,50638
EVV,ORD,3200
DEN,BHM,1175
JFK,DUS,5152
ATL,MDT,5723
DFW,PHL,38609
SGF,DEN,1962
SBN,ORD,3439
SEA,NRT,15509
BRU,IAD,9224
SAT,TPA,4066
DEN,GCC,1226
BOI,LAS,8266
TPE,HNL,5005
PHX,DRO,2232
ATL,GUA,7518
LAS,PDX,28112
DFW,BRO,3308
DFW,HNL,11991
CUN,CVG,1591
ABQ,SLC,5252
ATL,YUL,5920
SAN,DCA,3977
FLL,SDQ,7838
ATL,MLU,4076
IDA,LAS,1254
CLE,PHX,4028
MIA,SXM,8838
SJU,EIS,4784
LAS,PTY,6097
ORD,COU,1054
PDX,EUG,6319
KOA,SFO,11015
PHL,JAX,6024
PHL,JFK,2695
PDX,PSP,3765
DEN,DSM,11106
DEN,SDF,3781
DTW,BNA,15086
FUK,HNL,8690
AUA,BWI,2715
LAX,LAN,3242
ICT,ORD,5332
BOS,STT,4514
SWF,PHL,3408
MSN,DEN,8411
DFW,FRA,9454
MSP,CMH,6122
BWI,CHS,7575
ERI,DTW,3250
IAH,IST,6625
EUG,LAX,3360
LAS,ICT,5532
AUA,MCO,1216
RDU,LHR,4483
GSP,ORD,2661
PHX,PHL,32298
PEK,SPN,2592
GRR,STL,2583
BUF,RSW,2443
DFW,FWA,2114
LAS,MSO,1225
DTW,TTN,1331
CMH,PHX,11198
DCA,TPA,17961
MCI,SFO,3531
GUM,FUK,3366
RSW,CLT,24759
DEN,ORD,48995
MSP,YXE,3060
DTW,RIC,2927
MCO,FNT,3041
GJT,IAH,1161
CHS,DTW,1034
LAX,FRA,10842
YUL,DTW,4596
ORD,RNO,3026
PLS,PHL,1392
MSP,PDX,12358
PBG,LAS,1600
IND,ATL,34375
OMA,DTW,3156
LAX,MUC,4689
LFT,DFW,4778
CLT,XNA,3536
MSP,DAY,3229
SAT,CLT,8701
CAE,DCA,1778
JFK,DEN,5964
RSW,EWR,14858
ATL,MLI,4995
PBI,DFW,11109
BNA,DTW,14435
LAX,CLE,8410
RDU,LAS,4118
IAD,SAN,10788
PBG,PIE,2164
MSY,MIA,10886
ITH,DTW,1453
AUS,CLT,7704
GRR,RSW,2485
LAS,BZN,1227
BHM,DTW,3003
MKK,HNL,3858
PNS,DFW,5245
SFO,LHR,30109
BWI,MCO,33068
SAN,MCO,2876
MSP,BDL,6733
DEN,TUS,13627
CVG,IAD,1583
SAT,MEX,15227
DAL,MAF,11845
HSV,CLT,5762
JAC,LAX,1882
PWM,LGA,3033
PDX,LGB,9496
SEA,LAX,64197
DAY,IAD,1788
JFK,CLT,27784
TPA,ZRH,1145
LAX,SYD,49954
PVD,ORD,1552
HNL,SJC,4090
AUS,LGB,4657
LAS,YXE,1731
SVO,LAX,5800
CVG,DCA,6299
IAD,AUH,6584
PDX,PHX,32828
LAX,LTO,1588
FLL,SAL,1072
MAN,JFK,4381
MEM,IND,1233
PHL,MAD,5028
DTW,LHR,4554
MSP,BOS,17297
RNO,SJC,2686
LAD,IAH,1362
SMF,IAD,3255
ORD,CLT,45729
CLE,DFW,10417
PHX,CUN,4424
FLL,TPA,21307
PIT,PHL,14485
ATL,HPN,7236
BWI,ECP,2282
ITH,PHL,2318
BUR,SEA,10189
MKE,FLL,3937
CLT,LAX,30207
ZRH,ORD,5780
SFO,ZRH,5370
PHL,IAH,17282
DTW,ORF,4805
STL,CVG,2261
PHL,MHT,9163
PHL,RSW,14026
PHX,ORD,51687
PIT,DTW,5779
LHR,IAD,29020
IAH,MCO,32999
ATL,SAV,21765
LAS,PHL,31574
FLL,PIT,3976
LAS,RAP,1226
BOS,CUN,2930
KHI,JFK,2161
MSP,DEN,56356
RFD,PIE,1746
LIM,EWR,4590
IAH,LAS,39086
HND,SFO,4851
MSP,RDU,5787
ATL,HDN,2557
SAL,EWR,4569
ATL,ORD,44170
DFW,GRK,7873
DEN,LAS,75065
PHL,CLE,9326
CLT,MSP,21668
DEN,AMA,7780
HNL,DFW,12245
CLE,CUN,2059
MIA,GCM,13048
LGA,SAV,2056
AGU,DFW,2181
CLT,YUL,1396
JFK,TPE,6382
LAS,ATL,53435
EWR,MDT,1379
FLL,SAP,2023
IAH,HRL,3237
CDG,DFW,4569
BOS,PBI,15401
LIH,PHX,4469
SLC,OMA,3022
GUM,NGO,9996
SFO,GDL,5064
BWI,IND,6848
GRR,LGA,1617
FCO,IAD,3230
PHX,SLC,55700
SAN,MRY,1484
GUM,HNL,8070
SJU,STI,1667
LAX,ZCL,1721
SJD,PHX,12683
AZA,BZN,1577
FRA,DTW,10595
VQS,SIG,1101
EWR,SAT,2050
PSP,ORD,3854
SJD,SEA,4706
JFK,NAS,5797
IAH,YYZ,9500
EKO,SLC,1446
SYR,ORD,6717
IND,CLE,2670
DFW,SNA,34417
SEA,ICN,9073
MDW,TUS,3516
CDG,MIA,15515
ATL,SJO,9958
LAX,DCA,8747
IND,LAS,7241
SFB,BGR,1420
CLT,VPS,2687
MAO,MIA,9218
DCA,ROC,4555
CID,DEN,6978
DFW,ABI,6951
NRT,MSP,7914
IAD,CMH,4382
JFK,PHX,24425
JFK,SRQ,2973
BWI,BNA,14874
GIG,JFK,10327
STL,CMH,4607
BOS,BWI,35612
LGA,TPA,17843
MDW,MBJ,1547
YUL,EWR,6729
TTN,RDU,2441
ORD,RIC,7648
IAH,CMH,4860
TUL,ATL,8777
FLL,MBJ,6323
SLC,ONT,6949
MDW,MLM,2641
CLT,DFW,51605
JFK,PSE,3261
TYS,DTW,2711
YYZ,RSW,13822
PUS,GUM,1026
EWR,MCI,3753
JFK,SJU,52025
KOA,OAK,3146
HOU,IND,4684
ORD,MEM,7397
SFB,OWB,1235
BJX,DFW,6136
SAN,ABQ,5852
DEN,NRT,5996
YHZ,LGA,1272
OAK,MDW,5634
YYZ,TPA,13570
LAS,LGW,9201
PBI,ACY,4540
MDW,SAN,11370
FCA,SLC,3375
MDW,ABQ,3846
PHX,SNA,42079
KEF,SFB,1499
LAS,RFD,1380
SMF,DEN,22042
ATL,DAL,4103
BUF,LAS,4271
SEA,MKE,2896
CLT,TPA,35693
OPO,EWR,1650
MKE,IAH,3729
ATL,SEA,28068
RSW,FNT,1992
SAT,DAL,32737
LGA,IAD,4297
LAS,HNL,25428
DEN,BIS,6144
SFO,YEG,2115
BNA,DCA,5718
MAF,LAS,5489
ATL,LOS,5090
MIA,SEA,4632
JFK,OSA,3370
TPA,MIA,21039
GCN,GCN,3347
GEG,OAK,5458
CLT,MOB,3731
SFO,YYZ,11313
ABQ,IAD,1702
ORD,BTV,3768
PHL,CAE,2108
PBI,SJU,1549
CID,PGD,1172
LAX,VKO,1452
SDF,EWR,1603
LEX,SFB,3084
IAH,SDF,2986
IAH,DSM,2458
PGD,RFD,1550
MSY,DCA,7387
FRA,IAD,20484
IAH,SJC,5857
SAT,JFK,1365
BNA,AUS,5151
OKC,ATL,15921
PHX,MCI,18122
HOB,IAH,1074
SGF,PIE,1590
PHL,NAS,1746
DIK,DEN,2307
HNL,ATL,8094
OAK,BLI,1389
MDW,FLL,11737
DCA,SAV,1755
ONT,SMF,16963
PVR,IAH,5385
MCO,YUL,10209
SFB,AVL,1426
RSW,IND,8473
LWS,SLC,1953
PBI,DCA,9269
HRL,HOU,9010
MSY,HOU,26842
DTW,SDF,4806
LAX,MMH,2043
JAX,DFW,13824
AVP,SFB,1405
ATL,FRA,10310
CLT,HOU,2908
RUH,IAD,3453
MSN,ATL,6285
PHL,TPA,21383
FCO,ATL,6036
DTW,BHM,2951
BTR,DFW,7979
SEA,MCI,4661
OMA,MSP,8328
ATL,MGA,3576
SAT,GDL,1723
ORD,PAH,1214
MUC,ORD,9806
BNA,MIA,5362
MSP,AMS,13430
PHL,YQB,2165
MTY,LAS,2174
SLC,SFO,16757
IND,BWI,5362
CMH,DTW,6644
DSM,DFW,10073
GEG,SEA,35046
SLC,SAN,16374
MCI,BNA,8473
CLE,GRR,2029
MSP,IAH,12707
FLL,SWF,2683
PLS,MIA,7456
CLT,EWR,41774
FLL,DEN,22680
PUJ,DTW,1341
PVD,TPA,7510
LIH,LAX,17333
STS,SAN,1834
BOS,LHR,27422
YEG,LAX,3622
ORD,SRQ,3247
CMH,CLE,1308
DEN,FAT,4842
EWR,CHS,2269
IAH,CUN,22810
GRR,BWI,4599
PUJ,MIA,13751
HOU,BOS,7929
ORF,JFK,1863
TLC,FLL,1262
DEN,TUL,12876
BMI,MCO,1202
DTW,CID,3543
MSY,SLC,2270
TKK,GUM,1849
MCO,GIG,2298
AZA,MHK,1039
PHL,DEN,22808
PDX,MDW,3513
SLC,IDA,4519
LAX,PEK,15923
CLE,YYZ,2817
FRA,MCO,9131
SEA,PSC,8251
LAX,SAT,10872
DTW,MCI,6833
EWR,MDW,13270
JAN,IAH,4821
ANC,ENA,7090
PDX,ANC,10767
ABQ,LAX,12386
IND,JFK,1508
LAX,BOI,2179
LBB,DAL,13002
MEX,MIA,28156
HNL,KIX,22898
DTW,SBN,4083
OAK,AUS,3041
PDX,BUR,4998
AUS,LAX,16540
PVR,SAN,1864
HNL,MKK,3903
IAH,SAT,20873
LAS,AMA,3400
CHS,DCA,4899
MDW,TPA,12071
LGA,MDW,16626
DFW,OGG,6088
ORD,PVD,1620
HPN,DCA,3357
CUN,AUS,1632
LAX,BJX,5181
ATL,CHO,3390
PUJ,EWR,8036
BHM,CLT,9656
SRQ,JFK,3300
CLT,JFK,28621
FWA,PIE,1917
HSV,ATL,12674
HNL,MAJ,1028
STL,PIT,1803
CHO,SFB,1002
SLC,LGB,15053
DEN,RDM,1301
ATL,NAS,10889
MDE,FLL,8461
RIC,ATL,31696
DEN,ANC,3819
YUL,ORD,5630
LAS,MFR,1077
MSP,SJC,3888
LAX,OKC,4042
DEN,ATL,50805
FLL,PAP,12134
BJX,IAH,5529
LAX,BDL,2720
GRR,DEN,5732
IAD,VIE,4043
ECP,ATL,10639
JAX,ATL,50456
PHL,IND,9581
DTW,SEA,11721
ORD,SAT,8843
STL,SFO,2095
IAD,ICN,6170
PHL,CVG,9163
IAH,MEX,32162
FLL,CUN,8637
ORD,PWM,1754
SBN,ATL,3135
GPT,IAH,3398
DFW,AUS,48097
CLT,ORF,16397
SUN,SLC,2483
SAL,ATL,3783
DFW,JAC,3182
MKE,SEA,3046
EWR,PEK,6248
LGA,CAK,4115
CVG,GRR,1507
BOS,MDW,8776
DCA,SLC,7894
RSW,LGA,10048
ORD,COS,3042
AVL,FLL,1315
ORD,VIE,2872
DEN,ILG,1479
CMI,ORD,4510
DEN,HLN,1287
PIT,HOU,2539
ORD,PSP,3980
DFW,TPA,28129
YYC,PHX,17669
IAH,BNA,7153
OAK,HOU,6709
GEG,PHX,8107
MCI,PHX,20066
CVG,RIC,1462
PVG,HNL,4958
TTN,DTW,1313
STT,MIA,11687
AMS,DTW,21327
RIC,IAH,1599
JFK,YVR,5268
JFK,BRU,8517
DFW,ORD,64114
SFO,ORD,76486
MCO,MDW,23100
GUM,NRT,40739
SEA,GTF,3496
ATL,AVL,7753
GTF,LAS,1288
CLT,SEA,9474
DTW,MHT,3392
ATL,OMA,14724
GRU,MCO,20385
SLC,PHX,57122
ORD,ORF,3444
DTW,IAD,6317
EWR,ALB,3793
EWR,POP,3914
ORD,GRR,11288
IAD,LAS,6126
DFW,PVR,9829
TRI,SFB,1281
JFK,WAW,3433
CLT,PGV,4460
TPA,JFK,23253
JFK,CMH,2611
PIT,FLL,4115
MIA,MEX,33285
ILM,DCA,1177
CTG,JFK,2357
PHX,GJT,3546
LAS,JFK,38893
PHX,OKC,5784
TXL,JFK,3785
LHR,ATL,18878
MSO,MSP,2686
MKE,STL,4291
JFK,KWI,2590
IAH,MKE,3913
BUF,MCO,14550
DCA,EYW,1515
MIA,EYW,5895
DEN,MEM,2596
DEN,SMF,23046
CMH,TPA,5644
MIA,MCO,44498
CLE,MDW,14251
SAN,BNA,4121
SEA,BUR,10164
OMA,CLT,4247
PHL,IAD,4192
BAQ,MIA,3426
MDW,MSY,5757
MDW,STL,18872
SFO,SAL,5430
JFK,CUN,22133
GSO,MIA,2084
RFD,PGD,1683
ATL,OKC,16456
ATL,CLT,66225
GSP,PHL,1947
SFB,AVP,1255
SNA,EWR,6283
BOG,DFW,2943
IAD,LHR,29274
BDL,CLE,2219
MSP,JAX,2244
POP,JFK,4137
POS,MIA,13363
BRW,FAI,2329
YYC,DFW,5294
XNA,LGA,1187
SDF,DEN,4385
DEN,FCA,2465
BWI,MCI,5646
OGG,SAN,4220
IAD,BOS,16021
LIT,ORD,4603
CVG,CDG,3898
CLE,MHT,1350
BNA,FLL,7720
GRU,EWR,6417
IND,MCI,5385
PHX,IAH,33311
ALB,MDW,5941
GSO,DCA,2300
SAL,MIA,10394
BNA,EWR,8341
BZE,DFW,3933
CLT,PHX,41438
MCO,JFK,53067
ZIH,MSP,2658
GUM,SDJ,1323
PBI,DTW,7059
AUA,BOS,4558
IAD,CUN,3019
TLH,CLT,4455
PUJ,CLT,7514
RIC,LGA,2985
LGA,CHS,2905
LHR,BWI,4001
IAD,STT,1428
MSP,STL,16492
JFK,DFW,4394
MKE,ATL,31051
SLC,SGU,3340
STR,EWR,1035
ATL,TUS,7880
SJO,DEN,2146
RDU,IAD,6719
DEN,DFW,69313
LCH,IAH,3275
EWR,CVG,4784
DAY,MCO,2465
DCA,MEM,4300
CNF,MIA,8535
CLE,CLT,18218
RSW,ORD,26968
RSW,CMH,5348
ATL,SAP,3371
SEA,MDW,6220
YYZ,SJU,1070
LAS,AZA,2892
KEF,DEN,2267
MIA,BOG,34976
CHS,IAH,1458
HNL,SYD,20913
TUS,LAX,14967
CVG,PIT,1968
TPA,DEN,18366
CVG,MKE,2327
MDW,YTZ,3698
MDT,PHL,5288
BTM,SLC,2360
CLT,JAN,4142
ATL,DHN,3783
SAT,ORD,8064
MEM,CLT,14914
JFK,TLV,23391
SAL,DFW,5351
RIC,BOS,6273
MSY,TPA,8538
BOS,MCO,27866
ATL,ORF,27469
SJC,BUR,16270
DOH,ORD,9829
JNB,JFK,5762
RSW,PIT,3760
ORD,PVG,10445
SFO,YUL,2334
PHL,GSO,4049
BRU,ATL,2821
ATL,ROA,4858
BZN,LAS,1314
STL,ATL,31615
ATL,SMF,7065
LAS,SAT,13477
TUS,DFW,22371
MOB,DFW,2924
JFK,JED,4275
SAN,NRT,4474
BTV,ATL,1871
HND,HNL,21035
DEN,SAN,42103
NRT,SFO,26674
ORF,EWR,3170
SDQ,JFK,33244
CLT,FLO,3753
BOS,FLL,23828
TLC,SAT,1294
DEN,SFO,67857
SEA,PSP,8587
ORD,GSO,2633
JFK,SAN,13010
BDL,PHL,9785
PBI,TPA,1027
EWR,SFO,45658
RIC,MIA,1208
BOS,FCO,1488
JFK,SFO,82709
SDQ,EWR,5518
MSP,ATW,3543
EWR,SAV,1009
DTW,DAY,3232
MAF,DEN,2825
PSP,SEA,8342
SEA,MSP,32521
MEX,JFK,23603
EWR,YQM,1039
LHR,DFW,24731
RNO,DEN,10991
SJU,SDQ,8182
SAT,ATL,31273
SEA,SMF,21992
LAX,PTY,11162
HPN,TPA,2438
LEX,PIE,1796
DEN,BUR,7838
OGG,DFW,6039
GSO,PHL,4040
JAX,MIA,6436
ORF,DTW,4313
HNL,LNY,3078
AUS,SFO,15267
JFK,BUR,3407
DTW,GRR,8862
DCA,YOW,1390
BOI,OAK,5637
LGW,MCO,15825
JLN,DFW,2266
HGR,SFB,1442
ATL,GRU,7054
CVG,ATL,20743
IAH,NRT,7241
BWI,SFO,2937
PHL,SWF,3272
ATL,PUJ,15219
YOW,DCA,1494
ICN,JFK,24811
PSC,SLC,4569
CLE,MDT,1360
FNT,ORD,2986
EWR,IAD,7653
ROC,ORD,9049
HOU,BWI,7456
SLC,BIL,5128
ATL,MDW,31932
SEA,SAT,4052
PHL,SEA,9157
TXK,DFW,2692
AVP,DTW,1749
BNA,ECP,2285
MSP,NRT,7538
IND,MSP,7643
RSW,PHL,13635
EWR,SJU,11360
MIA,MSY,13815
GRB,MSP,5453
CMH,LAX,5882
IAH,MSY,28978
ERI,PHL,2241
MEM,TPA,4333
SRQ,BOS,2182
PIE,YNG,1628
HNL,YVR,13169
MSP,YYC,3832
DTW,BOS,17801
IND,RSW,8658
SPS,DFW,3335
ATL,IAD,21614
YVR,JFK,5786
PTY,MIA,35363
SEA,DFW,37960
EGE,ORD,3125
TPA,DFW,29466
SAN,MSP,13465
DUB,ATL,1555
LAS,BIS,1331
LGA,ROC,4583
PHL,AVP,3391
YQR,MSP,2079
MSP,LGA,22278
LAX,DTW,27418
MCO,MDT,1383
GIG,ATL,6948
LAX,DEN,78315
MCI,MDW,20575
DFW,SPI,1877
BHM,MIA,1584
MCO,CUN,3625
KIN,ATL,3420
IAG,SFB,1821
BWI,MDW,12824
DFW,COU,2856
SJC,IAH,6204
SEA,HND,2681
GVA,JFK,4390
HOU,CRP,8156
STT,JFK,8764
MIA,DTW,15739
IAD,ADD,6069
TOL,SFB,1408
NRT,JFK,28500
VIE,ORD,3477
DFW,TLH,2299
MHT,BWI,19456
AUA,EWR,7441
YVR,LAS,11205
SEA,PHX,48111
CVG,IAH,5020
ATL,TUL,9382
SDF,IAD,1077
SJC,KOA,2044
BOS,RDU,12914
DFW,ICN,11442
GCN,VGT,1242
CMI,DFW,1129
RIC,FLL,2421
MSP,DLH,5164
AZA,DLH,1084
CZM,DFW,4854
CVG,LAX,6713
LGA,STL,16127
TXL,MIA,5109
IAH,HSV,3016
SFO,LIH,4573
HNL,SLC,7410
IAH,LIT,4761
TYS,IAD,1748
LHR,DEN,6167
ATL,PHF,6118
MSP,LAS,44604
TPE,SEA,7044
DTW,RDU,7258
SFO,PSP,15910
LAS,YUL,5936
RIC,ORD,7595
PAP,JFK,12446
AUA,ORD,1007
MIA,CLO,7575
SAV,LGA,1879
BOS,LAX,29954
IAH,RIC,1563
ICN,LAS,3048
SDF,MSP,3544
DFW,SJT,4757
FLL,ATL,96345
PSP,SFO,15762
BNA,CHS,2964
MDW,LAS,27029
MLU,ATL,3875
RSW,IAH,6720
TPA,BDL,11057
CAK,DTW,3280
JAX,CLT,23380
MCO,SLC,9778
EWR,BOM,15950
POP,MIA,4916
FLL,PHX,12130
IAH,CCS,4372
OGG,ITO,4980
PEK,SEA,7233
IAH,POS,3719
RDM,LAX,1078
SFB,ABE,2653
SEA,SJC,26004
SAN,SFO,57555
POP,EWR,4508
HOU,HRL,8777
IAH,CLT,38361
DEN,LAR,1016
LAS,LGB,12873
HNL,GUM,7375
ATL,LIT,15393
LGA,BTV,3596
FLL,NAS,9757
DRO,DFW,2613
DCA,BNA,5907
STI,BOS,3226
SEA,CDG,3503
DSM,MDW,5084
GEG,LAS,7133
DFW,SHV,8086
RIC,MCO,5331
LHR,SAN,6883
MSY,IAH,29509
MCO,DCA,31986
SEA,LGB,10857
BOS,SJU,11532
SNA,YVR,2993
YUL,CLT,1307
DFW,MFE,12601
CMH,YYZ,1372
SFO,CPH,3509
MSN,LGA,1462
GND,MIA,3008
BNA,LAS,10181
AZA,GRR,1250
LAS,SJC,27723
OGG,PDX,8224
IAH,GSP,1271
SLC,LAS,39061
EUG,DEN,2803
LIT,DFW,14264
DTW,CVG,6606
HOU,LIT,2057
BDL,RSW,7953
LAS,LBB,4156
BOS,CLE,3742
NGO,DTW,10073
PVG,DTW,7614
IAD,AUS,4487
ISP,DCA,1831
ABE,DTW,1980
SNA,MSP,8849
ANC,MNL,1024
HNL,PPG,1492
CLE,PBI,1097
DCA,GSP,2501
YQM,EWR,1132
SDF,LGA,1537
FLL,BDL,11650
TLV,LAX,3233
DEN,GTF,2657
DEN,PIT,8322
MNL,HNL,3462
MRY,LAS,1201
ALB,PHL,6114
SEA,BOI,13670
TPA,ATL,72233
DAL,TUL,13680
IAD,BRU,8292
EWR,OPO,1890
MEM,DTW,5804
CLT,GSP,10156
JFK,PIT,4080
CMH,FLL,3658
JNU,SIT,2991
SFO,HKG,34679
MDT,CLE,1100
ORD,FNT,2953
SFO,MNL,5613
FCA,SEA,4277
DTW,MCO,46485
JAN,CLT,3929
UIO,MIA,15639
JFK,DTW,5988
DIK,MSP,1736
DTW,SLC,17501
TYS,ATL,14591
LAS,GEG,6535
LIH,OGG,8809
LAX,SJD,11646
MIA,BDL,7614
MSY,YYZ,1517
IAD,SMF,3288
SJC,MDW,2258
CDG,SLC,3762
SMF,GDL,5822
TTN,TPA,1458
CLE,BNA,10383
LAX,STS,3644
LAS,MEX,12457
MCO,FLL,9615
TUL,PHX,5034
TPA,LGW,5167
ORD,PIT,17155
SMF,PDX,19786
BMI,ORD,2211
MUC,PHL,5178
ORD,DFW,63835
CLE,ALB,1098
LAX,HNL,89113
YQR,PHX,1464
DFW,PNS,5264
ORD,MLI,6921
IAH,PBC,1061
LGB,OAK,10429
EGE,MIA,4418
DFW,BPT,2750
YYC,MIA,2732
SAN,JFK,12830
MSP,DSM,7072
ILG,DEN,1572
KIN,FLL,9865
SPN,PVG,4857
MIA,CFG,1015
MLM,MDW,2987
EWR,YYT,1137
DTW,PHL,25917
LAS,DFW,54296
DXB,SFO,10623
NAS,MIA,17223
SFO,SBA,6003
SEA,SFO,63260
BRO,GUA,1374
FSD,PIE,1406
AUS,MDW,4859
AUS,MSY,2927
MAD,DFW,4334
BZE,MIA,7348
LAX,MTJ,1080
EWR,GRR,1464
CLE,MKE,3141
ORD,SAV,1294
YVR,DFW,7496
LWS,SEA,1625
AZA,BIS,2562
STL,SAT,4726
AVP,CLT,4014
DSM,CLT,4752
CLT,ORD,43968
DTW,FLL,36177
PEK,ORD,16212
SHV,DEN,1005
MYR,CLT,9283
JAX,MSP,2346
SAN,ATL,29608
ORD,PBI,5680
SEA,RNO,7756
IAH,ELP,6858
MDW,BWI,12718
LAS,ATW,1298
JFK,SVO,20515
JFK,BQN,6790
LAX,PPT,13474
NAS,PHL,1886
RAP,LAS,1299
PBI,CLE,1169
YYJ,SEA,7781
FLL,LEX,1358
PDX,IAD,4098
AMS,ORD,7492
LAS,TLC,1084
SJD,SFO,8756
SJU,VQS,2846
IND,TPA,6449
IAH,BZE,7623
DFW,ORF,6481
DUB,IAD,2090
IND,DEN,17550
ARN,EWR,6989
MCO,BQN,3904
PTY,JFK,11568
OAK,LAX,39037
AMA,DFW,7769
SMF,MDW,3139
PUJ,MDW,2626
DEN,MSO,4379
ATL,CUN,30489
BHM,ORD,2020
LAX,GUA,9338
DSM,MSP,7273
ABE,ATL,2862
CID,ORD,9513
SAT,IAD,3137
ONT,SLC,6670
TYS,PGD,1358
OMA,DCA,3262
BIS,SFB,1332
SAN,DEN,41862
PWM,ATL,3548
SJD,ATL,3799
BRU,ORD,3882
BZN,SEA,3894
DFW,SAV,3461
ATL,ATW,2987
AZO,DTW,4782
PBI,PHL,13374
DAY,ORD,9706
FSD,ATL,1701
ORD,YEG,2147
MIA,SDF,2325
OAK,LGB,9812
EWR,EGE,2062
PHX,YVR,10955
DCA,OMA,3085
PSP,IAH,1903
MSP,MSY,3501
MLI,DEN,1719
YOW,LAS,1008
ATL,MEM,27959
LAX,OAK,41206
MDT,IAD,4298
DFW,SJU,9712
DCA,AUS,3428
JFK,YUL,4441
RDU,DCA,8634
SDJ,GUM,1231
IAH,MBJ,1134
DLH,MSP,5756
ACC,JFK,4287
LAX,PSP,4868
LNK,ORD,2613
IAD,MUC,7164
ORD,ATL,43686
BNA,CLT,20551
SEA,SJD,4683
BOS,DFW,31685
BOS,DCA,46319
IAD,FRA,20555
BOG,IAH,7796
EYW,MCO,3661
YYZ,LGA,29325
PSP,SMF,2050
DEN,CLT,25379
BTV,DCA,5930
ECP,BWI,2270
DEN,MRY,1046
DEN,MLI,1620
LBB,DFW,8630
PVR,SFO,8730
DCA,ORD,38459
MSP,SEA,35325
PHL,LHR,13099
SJU,FLL,28056
PIT,DCA,4610
HLN,DEN,1497
DTW,IAH,18890
SJU,EWR,12257
CAE,ATL,11204
GDL,FAT,8693
HKG,EWR,6835
ORD,HNL,10761
CHO,CLT,7103
IAD,SAV,2321
EWR,SAL,3888
PBI,EWR,30734
PDX,MFR,5691
SEA,DXB,7685
OKC,DAL,10925
SLC,GJT,2021
PIE,TOL,1451
ATL,ABQ,8317
MSP,LSE,3361
ISP,PGD,1675
BNA,DEN,19988
PDX,CLT,2571
CLE,TPA,3262
AUS,MSP,4586
EWR,MAD,2047
ORD,CMX,1492
LGA,NAS,2475
STL,PHL,10651
DTW,CAK,3240
ACY,PBI,4506
PEK,DTW,7153
MDW,SEA,6012
TPA,CVG,4384
PSM,SFB,1182
CLE,IAH,13628
SJU,STT,6862
ATL,BDA,2253
DFW,ABQ,21653
EWR,PHX,28580
LAX,JFK,123960
MEX,DEN,4233
JFK,LAS,38933
HNL,OAK,9144
SYR,DTW,4877
DXB,IAD,16933
BKG,DAL,2149
JFK,TPA,23414
BPT,DFW,2733
GDL,SAT,1774
DCA,CLT,23828
ASE,LAX,5918
CMH,EWR,5328
LAW,DFW,3558
JFK,GIG,10083
DCA,SAN,3879
ORF,DFW,5742
IAH,MIA,27579
JFK,SAL,7012
STL,MSP,15212
MKG,ORD,1097
MDW,BUF,6672
FLL,LAS,8622
LAS,GDL,4744
BWI,PHX,16747
DSM,PGD,1302
1G4,BLD,2443
BLI,OGG,3150
VPS,ATL,10564
DFW,HOU,10579
CUN,EWR,10450
LGA,MCO,32605
GDL,PHX,9617
YYZ,DTW,6906
PVD,DCA,7619
IND,MDW,2273
PSP,LAX,4169
IAD,MGW,1089
RDU,BWI,15960
CMH,RSW,6184
SAT,ELP,5491
MSP,SJU,1239
BOS,IND,1723
PEK,SFO,20269
LAS,BHM,3429
EWR,MSY,7144
IAH,RTB,2157
PIT,BDL,2278
MIA,PNS,3278
LAX,PHL,30120
SMF,BOI,1720
BDL,ORD,12273
YUL,MCO,10561
HNL,SMF,7115
ATL,ABY,2094
OAK,SAN,27108
GSO,DTW,2702
MSP,YVR,3492
OMA,IAH,6603
CDG,ATL,20142
CLT,GSO,15873
MYR,LGA,5983
LAX,LHR,51348
BUR,SLC,3070
YUL,IAD,3173
PHX,EWR,27182
CLL,IAH,1534
IAD,CVG,1809
CLT,MCO,50542
DTW,TPA,28536
SLC,BOS,4878
CUN,IAH,25131
STI,JFK,36886
CMH,BWI,8355
GRU,CLT,5327
DTW,OKC,1877
BOS,ATL,47589
SEA,PEK,6004
HSV,DFW,6897
YYC,SLC,2434
ORD,CUN,16411
PVD,EWR,4079
LAS,YWG,2057
ALB,DCA,4377
SAN,SMF,25866
YTZ,IAD,1544
RNO,LAS,29437
BWI,BDL,14971
CVG,DTW,6426
TPA,ROC,3083
LGW,LAS,8104
LGA,MHT,2503
MKE,SFO,2857
BWI,FLL,42826
FLL,YUL,29788
PIT,MSP,5605
BHM,LAX,3091
MDW,SDF,6326
ICT,IAH,4913
LAS,BOI,8291
YEG,MSP,3476
PBG,SFB,1663
MIA,CWB,5629
DFW,COS,11701
ECP,HOU,3152
STT,STX,3195
ORD,GRU,7186
DTW,TYS,2805
SLC,MDW,7048
BWI,MIA,10569
PHX,SJO,2637
MBJ,BOS,1773
XNA,ORD,5860
PIE,PIA,2058
YWG,PHX,2214
DEN,EGE,3941
ORF,IAD,6144
PHX,PIT,10919
DFW,FSM,3675
MSP,PUJ,1924
YYZ,IAD,5165
FRA,IAH,18062
PIT,TPA,6148
IAH,SJD,6775
OMA,STL,8953
ONT,DEN,9914
CLT,HTS,2847
SLC,CUN,1209
PSP,PHX,8658
VPS,CLT,2527
RSW,JFK,9673
DUB,BOS,7708
CVG,MCO,7304
JFK,GRU,29624
BDL,LAX,2701
PHL,CHS,3054
ATL,PDX,18699
GDL,DFW,8270
PVD,MDW,6866
DOH,JFK,9924
SAN,MDW,10165
UIO,IAH,3166
SJU,ATL,27672
DEN,YEG,4870
MSY,AUS,3611
SFO,BWI,3244
ORF,ATL,27135
JFK,PWM,5880
ATL,EVV,4283
MIA,MGA,15858
MSP,CUN,17885
ORD,EGE,1969
BKG,HOU,1905
TPA,EYW,5354
IAD,OKC,1602
IAD,CLT,17893
FAT,SEA,2075
YYC,SFO,5443
FRA,DFW,10029
JFK,MBJ,13505
ATL,MGM,6242
PTY,LAS,6248
SJU,DCA,3770
SEA,PVG,3391
MCI,MSY,3358
EAT,SEA,4330
IAH,HDN,2155
SEA,BOS,12503
MIA,JAX,8011
BOS,MSY,2052
ATL,ICT,7868
DEN,BWI,18224
GNV,CLT,4480
PIE,MLI,1575
RSW,BNA,2131
JFK,BWI,1580
CVG,CLT,12972
MSP,SMF,4326
FLL,BOG,15768
DCA,PDX,3450
MIA,TLH,3580
DFW,BDL,8385
TPA,AUS,3550
PSP,BLI,2443
ATL,MOB,9580
OKC,PHX,5383
ORD,MCI,18695
VSA,IAH,1407
ORD,MSY,11452
AUS,EWR,6589
ORD,ELP,2981
LAS,IAD,7761
SSA,MIA,2390
PEK,HNL,1066
PHL,SCE,4120
MEX,SAN,2252
HOM,ANC,2341
SMF,SFO,5249
CMH,ORD,15347
STL,RDU,2895
LIT,MDW,2660
SJC,ORD,3333
ORD,ABE,1760
DTW,GSP,3892
MBJ,FLL,7597
IAH,YYC,19245
EGE,DFW,7835
PHX,YXE,1211
HNL,LIH,51504
PVR,LAX,9283
JFK,SJC,2018
POS,MCO,1171
LAS,MCI,13614
DUB,PHL,3324
LAX,GEG,1764
ISP,PHL,3054
BIL,SEA,3755
ATL,SAT,32911
HOU,JFK,4097
ORD,MHK,1648
STS,LAX,3747
PHL,ABE,2378
RSW,BDL,6794
GSO,PIE,1666
CDG,IAH,6007
SFB,TYS,2838
BOS,BDA,1901
MUC,CLT,5206
PVD,ATL,7949
MDW,BDL,5950
HOU,MEM,3604
BWI,BHM,7014
XNA,SFB,1168
ORD,SAL,2142
YVR,PSP,4178
FLL,YOW,3958
LAX,MKE,2702
GCM,EWR,1161
CVG,ORD,12939
FLL,JAX,7419
SNA,PDX,8718
ESC,DTW,1273
BNA,IAH,7068
LAX,MIA,45400
MEM,DCA,4080
ROA,PHL,1492
ORD,MAD,4819
ANC,OTZ,2616
TYS,DEN,1662
IAH,SAP,4088
CLT,MLB,3186
HOU,PIT,2901
ATL,PLS,3492
RSW,TTN,1453
BMI,DTW,1417
ONT,DFW,14787
DTW,AVP,1639
CHS,LGA,2961
EWR,YHZ,2823
FLL,ORH,2406
ICT,LAX,1519
LAS,SFO,70190
OAJ,ATL,3590
BNE,HNL,2056
ATL,SJD,3404
DEN,KEF,2224
HNL,PDX,12175
SDQ,MCO,6564
SAN,DTW,7905
SPI,DFW,1974
ANC,LAS,1805
SFB,BIS,1305
DCA,RDU,8660
ATL,BWI,49202
SJC,OGG,9492
SJD,SLC,2143
YYC,LAS,14586
SEA,BIL,3822
YYC,SEA,5666
GDL,ATL,4263
HOU,BHM,4698
LAX,CMH,5756
SJU,DFW,10181
HDN,ORD,1382
MSY,CLT,19461
DAY,CLT,8136
MKE,MCI,5264
ROA,PIE,1607
DFW,TRC,1173
LOS,JFK,2132
DFW,VPS,4342
GUM,TKK,1814
CLT,CUN,14463
RIC,CVG,1386
CAE,CLT,7299
ATL,DSM,7001
CHO,ATL,3489
ATL,SDF,26905
IAH,ASE,2191
BWI,RDU,15965
HKG,GUM,2062
CVG,MIA,2195
IAD,MSY,4452
SFB,PBG,1626
PGD,BGR,1266
FAR,LAS,2648
MKE,ORD,13708
DTW,ROC,3982
IAH,PHL,18335
SFO,SAT,3063
EWR,JAX,4557
ORD,TUS,5859
AUS,SJC,6030
ADQ,ANC,3877
DUB,JFK,18970
SEA,BLI,7939
LAX,YUM,1852
PHL,BNA,10956
LGA,DEN,37513
DFW,RAP,2102
RSW,DTW,30157
AGU,LAX,1839
CVG,DFW,7796
LFT,IAH,6712
DTW,MBS,4244
MCO,SJU,33935
FLL,LGA,59502
PGD,AVL,1068
LAS,ICN,2895
LAX,MSY,14106
HOU,CLT,3262
MIA,RIC,1476
MEM,EWR,1891
LAX,CVG,6537
DTW,MLI,2844
MSP,MKE,21379
ORD,BNA,13019
LAX,ICT,1405
CDG,BOS,6622
DCA,ATL,52825
STX,SJU,6174
IAD,PVD,3221
JAX,IAD,4018
ORD,MSN,9806
CLT,DSM,4773
DFW,OMA,15262
MSP,LNK,3326
MSN,DTW,10155
MCO,LBE,3520
MSP,JFK,9096
ATL,AMS,20939
NRT,LAX,52875
OGG,YVR,15000
ORD,HPN,3799
SLC,JAC,5014
LAS,CID,1327
ATL,OAJ,4118
PTY,IAH,10185
BWI,BOS,36712
BDA,EWR,1683
LGB,SFO,11771
DTW,ABE,1939
SJO,EWR,11092
JFK,SDQ,24507
MSP,HLN,1116
BLD,1G4,2554
DFW,PHX,62657
FSD,ORD,5653
PBC,IAH,1158
DFW,BNA,24432
SLC,GEG,9429
IAH,MFE,8823
DEN,CUN,11116
CVG,LAS,2433
JAC,SLC,6297
MSP,SJD,1690
JFK,LHE,1590
GDL,IAH,9047
PHX,YQR,1281
PHX,SDF,3406
DFW,CLT,48897
DAL,STL,23676
CAK,LGA,4247
GSP,EWR,1621
IAH,BWI,6725
COS,LAS,1344
RIC,IAD,2872
PDX,SNA,8574
TPA,FNT,3456
JAX,CVG,1078
FLL,MYR,4333
CHA,ATL,10528
GSP,FLL,1249
PHX,IAD,3881
IAD,FAY,1286
BUF,CLE,1053
SLC,MSN,1059
GGT,MIA,2074
BUF,ORD,10782
PHL,DAY,5139
TPA,ILG,1157
CLT,CAK,9431
IAH,LBB,3317
SVO,MIA,2395
MCO,JAN,2708
GUC,DEN,1507
YYZ,SEA,1670
PHL,SJU,17315
TVC,DTW,5024
EWR,PTY,4638
MSP,BOI,5064
DKR,IAD,5652
AUH,IAD,8622
LAX,EUG,3730
MAN,EWR,4625
ATL,TLH,12619
BNA,CMH,5554
VIE,IAD,4345
MAD,EWR,1966
DTW,TVC,4089
HOU,MSY,24555
RFD,SFB,1445
JFK,GCM,2428
LAX,SUN,1069
CAK,DCA,1079
GDL,SNA,2695
YEG,SEA,5337
PBI,IAH,5729
LAS,BUR,29704
LAS,AUS,13936
SGF,AZA,1371
EWR,SAN,9656
BNA,PIT,1977
ONT,GDL,3208
JFK,BOS,37986
BDL,CLT,19053
MYR,ATL,5778
ATL,FSD,1508
ATL,SAL,3179
DAY,DFW,9585
ICN,SPN,13176
MIA,IAH,32327
LAS,YQR,1724
CHS,IAD,3142
HOU,MCI,4427
SEA,JFK,18171
SFO,PHL,28345
MIA,PAP,16799
CLT,EYW,4894
AGS,CLT,6912
SMF,DFW,14556
LIT,CLT,5097
TGU,ATL,3194
IAH,JAX,4139
CUN,DFW,22237
LAX,YYC,9849
BZN,SLC,5506
PHX,YWG,1738
NRT,GUM,38186
FLL,SFO,16584
PUJ,SJU,3206
GND,JFK,1722
GRU,IAH,5056
AUS,MCO,8358
SJU,PBI,1582
DUS,ATL,3720
ORD,SJD,4600
SLC,BOI,10763
HNL,ANC,4581
ORD,ROC,9627
CCS,JFK,2146
LAS,CVG,2697
BUR,SFO,6255
ATL,ROC,10669
DFW,PIA,3098
AUS,SEA,4338
LAX,SJC,57230
DCA,DFW,28497
MKK,OGG,1115
AVP,PHL,4151
LHR,IAH,21197
CVG,SLC,7280
DFW,TUS,24977
IND,HOU,3824
BWI,ISP,14085
PGD,PBG,1315
PIA,PGD,1195
GUA,FLL,3069
SJU,JFK,54115
DTW,CDG,9169
CUN,JFK,23407
PIE,LCK,1177
ELM,DTW,5526
BOS,AUS,1791
DAY,MSP,3271
CMH,MIA,2575
ORD,CVG,13937
BCN,MIA,4654
ELP,MEX,1354
HND,SEA,3377
ROA,CLT,7933
SCL,LAX,1485
AMS,LAX,8111
HLN,MSP,1240
JFK,IAD,7813
SFO,FAT,2645
IAH,BOG,7378
ORF,IAH,1169
CLT,GIG,6757
MDW,CLT,3714
STL,TPA,6706
SFO,BOI,5810
MEX,DTW,5577
EWR,GSO,2307
DEN,DRO,7589
YUL,DEN,2259
ORD,RST,3061
ABQ,MCI,2608
CLT,CAE,7508
AZA,BIL,1474
RSW,DCA,7022
MIA,FPO,3827
IND,EWR,4850
SCL,MIA,24525
IAD,ROC,4647
SEA,PDX,36398
DFW,ELP,21365
CMH,BOS,1137
CUN,DTW,10513
DFW,ROW,2359
SJD,MSP,1675
PHL,MBJ,4357
ATL,PNS,20419
MIA,ZRH,9286
ORD,FSD,5268
DFW,BNE,8296
DTW,MSY,3452
BWI,PBI,11446
SFB,SGF,1270
MAD,ORD,5451
DFW,MSN,4619
ZLO,LAX,2487
PIH,SLC,2021
BNA,MSY,11331
SFO,ICN,29857
PUJ,PHL,8865
JFK,GVA,4697
ORF,CLT,16563
MHK,ORD,1233
DTW,LEX,3607
IAD,ATL,22181
SFO,TUS,2587
JFK,RUH,2461
BUR,SJC,16370
PHX,SAT,19054
LGA,GSO,2864
PHX,CMH,10333
ANC,BRW,1078
BOS,JAX,3828
ROA,ORD,1591
DFW,FLL,33769
PHL,DUB,3296
EUG,LAS,1485
DEN,PHF,1114
BOS,SLC,5242
JFK,LIM,5610
LAX,ZRH,4689
FLL,DCA,24085
HOU,BKG,1925
EYW,TPA,5590
MIA,SAP,10137
JAC,ORD,3916
DFW,SEA,38829
ATL,DFW,67731
OAK,HNL,8880
PDX,RDM,6866
FAR,AZA,2977
DAL,OKC,10804
SJD,SJC,3487
DEN,ONT,9321
SAF,DFW,2069
CAK,BOS,2076
SDF,IAH,2806
ORD,DEN,49816
ORD,TVC,3590
LAS,ORD,38288
HNL,MEL,4627
ROC,TPA,3283
GGG,DFW,1587
IAH,DME,4799
SDF,TPA,3554
MDW,ORF,2254
ARN,JFK,3662
OAJ,CLT,5993
SLC,TWF,2191
LIH,OAK,1726
CVG,MCI,2154
MSP,MIA,12211
DFW,TUL,20555
FAI,SEA,9514
CMH,MCO,10307
IAD,HNL,1880
LAS,TPA,4886
BGR,PGD,1274
JHM,HNL,1216
LGB,SEA,10778
DEN,MCO,31842
ROW,DFW,2234
MIA,CLE,2704
LAX,SBA,7409
GUA,IAH,11408
TPA,MHT,4078
SLC,PIH,1983
BLI,PSP,2385
SFB,BMI,1365
RDU,HOU,3149
LGA,CLE,9926
OAK,ABQ,5382
CID,DFW,5898
MMH,SFO,1115
MCO,LGW,21105
ORD,BZN,1926
MSP,GFK,6305
STL,BOS,5274
SAL,LAX,14711
SFO,MCO,8999
SLC,MSO,4680
GUM,OSA,1198
AMS,IAD,9595
RDU,PIT,2247
RKS,DEN,1005
YEG,IAH,7408
TPA,BWI,21675
SJD,DFW,11436
ATL,GSP,15601
LAS,SNA,25523
IAD,DUB,2281
SLC,MCI,4327
YYZ,EWR,10710
SAP,FLL,2238
MRY,PHX,2999
ONT,SFO,6347
LAN,DCA,1472
COU,DFW,2278
DCA,SEA,7592
GRR,DTW,9890
SAT,STL,5018
PHX,YYZ,6132
LHR,RDU,4409
SVO,JFK,21126
BGR,LGA,1695
IAH,DXB,9450
BHM,ATL,22057
MSP,TPA,21040
MSP,RIC,1307
SFO,BFL,1212
MSP,GRB,5445
FLL,MKE,3777
HAV,MIA,26085
JFK,SYR,7447
MSP,OKC,2686
MIA,BHM,2077
DRO,DEN,7994
MCO,EWR,54325
STL,HOU,9469
SLC,BZN,5708
MIA,STT,11121
MSP,YWG,5300
SFO,AUS,15987
BTV,PHL,7493
ATL,SRQ,22190
DAY,PHL,4745
ROA,SFB,1201
PIT,ORD,18190
MIA,YYZ,27087
ROC,PHL,6313
PBI,ISP,7239
FRA,BOS,6704
CLT,CVG,13165
DAL,ABQ,21729
ANC,HOM,2134
HPN,DTW,2307
PIA,ORD,5235
HOU,SAT,13874
SEA,EWR,19847
BOS,FRA,5585
DTW,BUF,5885
EWR,OMA,1833
DTW,EVV,2798
MCO,ORF,4267
CLT,BHM,10006
ORD,SAN,25711
NRT,HNL,59781
PSP,MSP,6086
RNO,PHX,15834
LHR,JFK,95784
PDX,YVR,6451
CAK,DEN,3472
DCA,BHM,2459
MSP,ALB,1213
YHZ,BOS,1416
GVA,IAD,3173
CVG,FLL,4146
LGA,CVG,5812
DCA,DSM,2025
LIR,DFW,3322
CLT,LHR,5593
CCS,MIA,35291
CZM,IAH,2864
SLC,OKC,2138
SEA,LIH,6373
IAH,VER,1890
MDW,ROC,4412
EWR,BQN,2601
MCI,IAD,3671
ICN,SFO,32852
ANC,ADQ,4583
PHX,MKE,13386
SXM,MIA,8924
PHX,HNL,18288
MIA,ANU,3881
ALW,SEA,2450
ATL,UVF,1899
CMH,DFW,11715
KOA,PDX,4599
BWI,SAT,6882
ASE,IAH,2856
BOS,CDG,6367
PSG,JNU,1811
ELP,DAL,18005
DFW,FAT,6534
SJU,MIA,34329
CUN,MIA,22558
LAX,IND,7130
SFO,SLC,15007
BCN,JFK,7557
LAX,ICN,43859
GJT,SLC,2755
IAD,BUF,2213
MSN,SLC,1026
SJU,YYZ,1179
RIC,DTW,3017
ZCL,LAX,2058
MCI,SAN,4267
SMF,LGB,6798
BHX,EWR,3161
DFW,SLC,27067
MIA,MAR,5210
HPN,RSW,3503
YUL,MSP,1372
CLE,SYR,2203
MDW,CMH,9949
ORD,PTY,3264
LNK,MSP,3211
DEN,SJD,6734
YYC,EWR,1847
EWR,ARN,7578
EVV,DFW,1100
ATL,PWM,3254
CDG,ORD,10847
ATL,GTR,2767
TPA,MEM,4471
PLS,ATL,3813
ORD,TXL,1886
CLO,MIA,7791
DEN,RNO,10631
PHX,PVR,8561
MSP,LIR,1468
RDU,ORD,11959
SIT,JNU,3319
SFO,LAX,137433
MDW,OAK,4856
DFW,LBE,1269
TYR,IAH,1493
LNY,HNL,3712
JNU,KTN,2308
PSC,DEN,3277
MDW,BKG,2450
ASE,DEN,10354
BDL,BWI,17503
STL,GRR,1806
YVR,SNA,2992
SYR,IAD,3265
PDX,MCI,3863
TPA,SAT,3513
DFW,GGG,1540
HNL,LAX,91186
JFK,RDU,12050
ORD,SPI,2236
PDX,BOI,10555
LAX,GUM,8504
AUA,PHL,2566
CLE,MCO,8388
ORD,JAC,3127
PHX,IND,12586
IAG,FLL,4196
MCO,SAN,2947
PHL,SBY,2126
HNL,MNL,7449
ORD,AUA,1110
SLC,EUG,2431
SEA,YEG,5305
MCO,SFO,10768
PVD,CLE,1116
SEA,ANC,50738
MSP,CDG,6103
BOI,SMF,1792
TPA,CLE,3441
SEA,TPE,7354
PVR,DEN,5812
BDL,ATL,27509
PIA,LAS,1487
CLT,AUA,5129
MMH,LAX,2304
PEK,IAD,7096
IAD,FCO,2969
MSY,SFO,2684
AZA,CID,2336
JFK,GND,1816
MCI,DFW,23663
SAT,SFO,2783
FNT,LAS,3186
SJD,SAN,8912
PHL,LGA,16854
DFW,DAY,8878
RDU,MSP,5433
GCK,DFW,1993
SAT,HOU,13554
MLI,ORD,7353
DFW,RIC,8619
SFO,CLE,4446
EGE,DEN,4241
JED,IAD,4813
HNL,KOA,56973
MKE,CLT,6981
ICN,DTW,10541
ROR,GUM,2300
SXM,CLT,5194
ATL,GIG,6775
PIT,DEN,6973
PEK,LAX,17301
PDX,LAS,26280
MCO,MAN,11708
JFK,LIR,3898
SJC,LIH,2314
JFK,AUS,11883
SFO,FRA,16788
CUN,MKE,4644
EWR,PBI,30492
EWR,RIC,4204
SFO,KOA,10878
COS,IAD,1478
CLE,YUL,1897
YNG,SFB,1333
MCO,MBJ,3742
EWR,FRA,13951
BHM,DCA,2284
ACT,DFW,4648
AZA,MOT,1570
MCO,SDF,3493
ORD,ZRH,5116
CHS,BWI,7582
BDL,DTW,6888
SJU,CCS,3817
LAX,JAC,1295
XNA,IAH,3018
BLI,SEA,7720
ORD,CHS,2944
LIT,SFB,1053
OKC,HOU,9815
MKE,CUN,4828
DFW,PSP,11939
MGA,FLL,2219
BQN,EWR,2638
MFR,PDX,6269
PBI,ORD,7371
PHL,BRU,3437
CVG,LGA,5755
VLD,ATL,2442
SJC,JFK,1692
GCC,DEN,1328
MSN,DCA,2331
MIA,EWR,32004
ATL,SAN,28889
ATL,MBJ,13187
CLT,HHH,2522
SEA,FAI,10701
ATL,FLL,90451
GJT,DFW,2669
SHV,DFW,8538
ATL,EWR,30592
STL,BNA,4621
DEN,AUS,25310
PUW,SEA,2820
YYZ,STL,1082
ORD,PHX,55838
DEN,CPR,4349
ABQ,DFW,22526
TUS,SEA,3525
ORD,AVL,1291
BOS,MCI,4739
HKG,LAX,25014
JFK,HEL,6458
YVR,SLC,1947
CLE,IAD,4539
SJU,STX,5469
YVR,DEN,5357
PDX,TUS,1835
ATL,BJX,1481
SDF,DFW,8690
LOS,IAH,4252
CHS,HOU,2863
GTF,SLC,2952
SEA,YKM,4546
PPT,LAX,13763
COS,DEN,10276
LAS,STL,12203
DXB,IAH,9224
DTW,CLT,30623
TPA,SDF,3515
SYR,MCO,4714
OKC,MDW,1728
HOG,MIA,3088
ORD,EVV,2939
IAD,GSO,2166
TPA,DTW,28806
SFO,OGG,11557
DEN,SAT,13091
SJT,DFW,4495
ICT,AZA,1745
LAS,LIT,3845
ORD,ROA,1855
PIE,CID,1465
SPN,GUM,4335
JFK,GYE,10267
MIA,PLS,7334
FSD,SFB,1370
ZRH,MIA,8911
ALB,MCO,7151
LHR,MIA,43878
MSP,DTW,28531
ATL,CDG,20749
IND,PHX,13254
PVR,DFW,10013
DLH,AZA,1393
STL,MCO,13466
ORD,BHM,2370
SCE,PHL,3814
MIA,BWI,11241
BHM,LAS,3718
PVD,FLL,7466
EZE,IAH,6198
PHX,SAN,56184
CHS,EWR,2309
AZA,ATW,1360
CVG,MSP,8231
TLH,MIA,2911
OAK,BOI,5409
MIA,STI,4047
PDX,ORD,20450
CHS,PHL,3078
BNA,CLE,9937
OKC,ORD,5356
SAP,ATL,3661
ORD,PDX,19412
SJD,EWR,2295
ORD,SCE,1739
SAN,SLC,15215
MAF,DFW,7521
EWR,LAS,17480
SNA,OAK,23943
DEN,SGF,2059
ATL,MCI,34135
IAD,BNA,3209
SMF,HNL,6817
FLL,IAH,20553
SJO,CLT,3579
DCA,MSN,2303
MEM,BWI,3241
SEA,FRA,4176
LAX,CAN,13481
SJC,PHX,26213
SFB,FAR,1371
DCA,DTW,17553
JFK,ROC,8960
CCS,ATL,4759
ATL,ABE,2664
PHX,MEX,7791
LAS,BNA,9270
MDT,ATL,5835
IAD,CRW,2049
ORD,JAX,4981
ATL,FAY,7197
IAH,CDG,5429
MCO,SEA,5773
CHA,CLT,6578
JFK,MAD,16773
PVR,MSP,6209
AUS,PHL,1740
MCI,CUN,2352
STL,DAL,24330
DAL,AUS,31621
GRR,CLE,2340
RAP,SLC,1042
MCI,FLL,4182
ORD,SGF,6303
SJC,MSP,3362
PIT,BNA,2052
DEN,EUG,2815
CLT,HPN,2885
ATL,BUF,13374
SJU,ORD,13488
SFO,MSP,22303
ZRH,TPA,1251
CMW,MIA,1363
BWI,LAS,19206
CLT,PWM,3289
MCI,MCO,7991
MCO,IAD,17718
EWR,STL,7948
MSN,MSP,9774
SLC,DTW,18076
BGR,PIE,1704
ACY,TPA,4849
DCA,EWR,5327
TPA,JAX,1349
CUN,PHL,13207
YWG,DEN,3719
JAX,EWR,4406
MIA,PIT,2653
EWR,BCN,2213
LAS,MIA,17225
CLE,PHL,9206
EWR,GVA,3883
FLL,SJO,12229
TPA,MDW,10967
SFO,CIC,1648
JAX,FLL,7253
STL,TUL,3560
SFO,TPE,26003
DEN,MAF,2901
IAD,TPA,10854
ATL,DTW,46644
DEN,HDN,4224
CLT,SYR,8965
SJU,BWI,7330
CLE,DTW,4238
RDM,SFO,2312
ORD,BOS,51091
TLV,JFK,25776
LAX,KOA,14554
EWR,TXL,2200
HOU,STL,9532
FLL,GUA,3036
CWA,ORD,3646
FSD,DEN,9084
FLL,ACY,13480
DTW,ELM,5190
PNS,TPA,1111
YYC,SAN,2361
SEA,MFR,2081
LGA,PWM,3113
DTW,FWA,3885
NRT,IAH,7783
ISP,PBI,7932
ORF,DCA,4145
JAX,BWI,8922
SFO,PVG,14238
CDG,MSP,6895
SXM,ATL,3881
SFB,IAG,1724
RDU,JFK,12056
ORD,DEL,8796
PBI,LAX,3566
LAS,YYZ,20650
SAN,CLT,12986
ORD,BWI,10586
MYR,BOS,3423
CLT,EWN,6156
PHL,ELM,2105
AZA,RFD,1478
AZA,LAS,2226
MDW,EWR,11815
LAX,ABQ,12087
SDF,ATL,26120
MIA,BCN,4930
JFK,YYZ,8090
MEM,LGA,1222
DFW,CMI,1163
KOA,LAX,14727
MBS,ORD,2172
PHL,MAN,5413
MIA,GYE,7518
DOH,IAD,9816
MCO,YYC,2223
EWR,SDQ,3994
PHX,CLT,38994
LGB,PDX,9768
DEN,MCI,38038
FLL,CMH,3644
TPA,IAD,12040
SAN,LAS,39998
SLC,MEM,4443
YYJ,SFO,1177
LGA,ORF,1858
YYZ,MSP,7309
LEX,DTW,3644
DFW,PDX,19694
PBI,BDL,3955
JNU,SEA,4676
TPA,SJU,11498
SJC,GDL,9138
ATL,LAS,54344
LRD,LAS,1281
EWR,BOG,3294
HOU,SAN,7633
CIC,SFO,1448
SFO,BUR,5776
BOI,SJC,1991
CKB,SFB,1226
EWR,MEM,1957
BDA,JFK,3033
HNL,YYC,1747
PVR,EWR,1501
SFO,MCI,3532
IAH,TUS,5571
YYZ,MSY,1622
PDX,DTW,2984
GRU,DFW,7903
AMS,EWR,6853
MCI,HOU,5556
SLC,YVR,2377
SFO,IAD,36277
MSP,EWR,10162
PLS,CLT,5813
DEN,BFL,1744
RSW,STL,6012
SLC,MCO,9668
RSW,DUS,3305
BIL,SLC,5390
ORD,CPH,4590
PTY,SJU,6093
KTN,SIT,3001
MEM,HOU,3998
RIC,CLE,1826
CLT,FLL,34617
CLT,RSW,23906
FAT,GDL,6392
PDX,DCA,3706
RSW,YYZ,14509
EWR,PUJ,6874
MAN,ORD,2812
DTW,LAN,4972
PBI,YYZ,6316
DFW,JLN,2139
DTW,CMH,7104
MBJ,MSP,1787
IAH,LFT,6063
BLI,PDX,1860
GUA,MIA,12052
ATL,CHS,22571
ONT,MDW,2586
BWI,CVG,2210
MCO,MSN,1333
SFO,PEK,17465
CLT,ILM,14332
GUM,TPE,4098
KWI,JFK,3211
MSP,MEM,5509
CHA,DFW,2085
POS,FLL,2830
ATL,SHV,6679
CLT,BTR,2650
SEA,ORD,37651
BTV,LGA,3918
AZA,MLI,1213
FLL,IAD,3004
OAX,IAH,1270
ATL,BZN,1766
SFO,IND,2194
CDG,IAD,14698
CHS,ATL,23107
DFW,DRO,2440
DEN,LAX,77730
JFK,CHS,5596
PUJ,STL,1064
BWI,MBJ,4385
YYZ,PBI,5942
IAD,YTZ,1768
SAP,IAH,4963
PHX,STL,17891
MCO,ORD,36797
PHX,MSY,4315
JFK,LAX,125934
LAS,GTF,1490
SLC,EWR,3884
AUS,SLC,4269
DFW,IAD,16890
EZE,ATL,6904
CLT,PBI,20228
STL,FLL,3755
IAD,DEN,36129
SEA,AUS,4618
PHX,TUL,5411
BNA,DFW,24468
ATL,LGA,76403
MCO,OMA,1269
CDG,DTW,10323
GSO,CLT,16568
IAH,ICT,4721
CLE,STL,2862
IAH,SAL,9340
SEA,TUS,4345
ATL,DAY,20985
SFO,SBP,2418
LIH,HNL,57022
PIT,YYZ,1797
YYZ,CMH,1434
DCA,SDF,3136
MCO,GRU,20350
AUS,JFK,10702
GRI,AZA,1478
EWR,ITH,2308
DXB,ATL,7563
MEM,DFW,11881
BWI,JFK,2817
DFW,EGE,7064
SDF,BWI,5772
DFW,GIG,4466
NAS,FLL,11401
EWR,PIT,7454
IAH,TYR,1446
DCA,PWM,5239
MSO,LAS,1363
MCO,GRR,3783
MAD,MIA,16194
JFK,HKG,23226
BOI,SFO,6769
RDM,SLC,1811
BGI,JFK,6615
SJU,SXM,2073
SFO,PIT,1837
PHX,BFL,3569
MIA,ATL,64452
DCA,LGA,28542
GSP,LGA,1104
PHX,ONT,31112
GCM,MIA,13566
PHX,GDL,7572
MCO,CLT,51245
PDX,SMF,19463
IAD,BTV,2867
BZE,ATL,4666
BUF,FLL,6869
MIA,CZM,1232
SFO,COS,1203
YYZ,DCA,2479
GEG,PDX,12399
MSP,PIT,6249
MSP,ANC,7064
SAN,OAK,27827
LAS,MTY,2577
MIA,MXP,5620
SFO,ACV,3333
YEG,EWR,2046
SJU,MCO,32591
IAH,MSP,12551
STL,MDW,20440
BWI,PIT,7578
MSY,DAL,22892
MCO,DEN,33824
LAS,CLE,5343
TPA,PIT,5616
ORD,HKG,11600
IAD,MEX,5264
DCA,MIA,31798
ATL,DUS,3380
FAT,DEN,4970
GJT,LAS,1274
DFW,OKC,24122
MIA,MDE,9435
BOS,DUB,7735
IAD,FLL,2794
GSP,DCA,2359
PHL,SLC,8158
ORD,XNA,6340
CLT,TLH,4773
ACY,RSW,8062
BOS,CLT,40095
DFW,SJO,5079
LHR,BOS,30750
LGA,IND,4523
ORF,LGA,1925
BNA,JAX,6786
TPA,BNA,10736
PUJ,BOS,1955
EWR,MAN,4536
DTW,MEM,5900
DTW,HSV,1308
MCO,LAS,5976
OSL,EWR,6511
YVR,SEA,16492
DCA,ORF,3666
LAX,YEG,3601
YYZ,IAH,9408
CTS,HNL,2608
PHL,CMH,10023
PDX,STS,1738
YHZ,PHL,1904
LGA,MKE,11366
STL,BWI,9707
CLE,MCI,1657
MIA,SAN,3853
BHM,MCO,5604
GFK,MSP,6747
MDT,ORD,7393
FLL,RDU,5988
MCO,SAL,1183
DCA,DAY,3783
LGB,LAS,13418
CLT,BOS,41031
BWI,LIT,2317
CDG,EWR,9901
CID,MSP,4421
BIS,AZA,2636
MSP,CLE,5202
DAY,EWR,1463
OGG,YEG,2496
ORY,JFK,2016
BOS,LGB,2365
MNL,LAX,15146
IAD,DFW,16471
MSP,CID,3949
CLT,AVP,3666
PHL,BTV,6973
BDL,TPA,11619
IAH,XNA,3081
SJO,MCO,6353
DFW,CMH,11253
GUA,LAX,9821
SFB,GSP,1242
PDX,ATL,19678
LAS,HOU,16852
MCO,STL,14458
LAX,MRY,5654
GSP,CLT,10802
ELP,DEN,3371
CWA,MSP,3291
CUN,MCO,4443
ORD,YUL,5848
DUS,EWR,5218
DEN,IAH,63481
BNA,STL,5716
CVG,MEM,1154
MIA,CVG,2346
CRW,IAD,2298
ATL,BSB,4465
MIA,YYC,2499
ATL,HNL,7914
SAV,DFW,3323
PVR,PHX,9436
DFW,MLU,2645
BWI,CLE,9923
IAD,JFK,8772
HNL,AKL,6418
LFT,ATL,4612
HDN,DEN,4758
BWI,ORF,7725
MEX,LAS,12243
LGA,BDA,2008
CLT,DCA,24334
MIA,BSB,8536
CUN,DEN,11751
ORD,LEX,4151
DXB,DFW,7974
FLL,TYS,1344
LGB,AUS,4676
SFB,FWA,1390
OAK,AZA,1352
CMH,IAD,4422
EWR,BDA,1414
TRI,CLT,5466
ANC,PDX,9505
TYR,DFW,5185
SMF,MSP,4423
SAN,SAT,6561
SFO,YVR,16680
BDA,MIA,2262
MHT,CLE,1469
LAX,IAH,55823
STI,FLL,1206
CAK,ATL,17523
IAD,CHS,3306
GRR,AZA,1388
IAH,MOB,4675
JAC,DEN,6415
ABQ,SEA,3341
DEN,MDW,32479
HOU,LAX,18613
PEK,EWR,7243
PVD,MCO,18715
CVG,CUN,1653
LAS,OAK,36085
SFB,TRI,1315
SCU,MIA,1688
SPI,SFB,1126
ATL,JAN,13511
ORD,YXU,1815
CUN,PHX,4793
PDX,LIH,2539
MIA,IAD,12816
DTW,ORD,28638
EWR,LHR,40340
SLC,PSC,5284
MBJ,CLT,11536
SEA,EUG,4401
MIA,TPA,23000
CLT,SJO,3689
KIX,GUM,17317
CLE,CMH,1491
DFW,MLI,3417
HOU,CHS,2383
LAX,SCL,1404
SLP,IAH,1045
PDX,SBA,1512
DFW,GRU,8310
LAS,FAR,2556
BOS,PIT,8939
MEM,LAX,4014
LGB,IAD,3006
MEM,MDW,4439
PDX,BLI,1599
YOW,PHL,1883
IND,SFO,2219
EWR,YQB,2879
PLN,DTW,1406
GRU,IAD,6943
JFK,DUB,18568
MIA,CMH,2625
JFK,MEX,23713
MUC,JFK,4818
PTY,FLL,1729
MDW,MCI,19256
SFB,FSD,1192
SDF,CLT,11046
DLH,ORD,2829
CUN,MSP,17544
FLL,MCI,4123
MKE,BWI,5795
ANC,MSP,7032
HOU,ELP,6746
SFO,RNO,6923
EWR,MHT,2714
DSM,PHX,6832
EVV,DTW,2913
SJC,SAN,24046
BLV,SFB,1322
IAD,PEK,5035
ABQ,ATL,8406
TPA,EWR,22053
DUT,ANC,1079
ATL,DEN,49365
CLT,SRQ,7027
CVG,BOS,6241
MHT,DTW,3505
TPA,FLL,19905
DFW,AGU,1943
DEN,JFK,5766
LHR,PHX,8097
LGA,PHL,15122
PDX,FAT,2033
SMF,PHX,31404
DFW,BZE,4046
IAD,MAN,2339
LAX,TLV,2914
IAH,PIT,9529
BNA,HOU,11002
LGA,MCI,3853
AZA,PIA,1493
DCA,PHX,13397
MCO,FRA,8587
JFK,MSP,8775
PHX,ANC,5567
LAS,MFE,3570
SFO,EWR,46595
SDF,MCO,3703
DCA,HPN,2668
MLU,DFW,2707
MCO,BWI,34461
DEN,MSP,53851
LAX,ZIH,4230
BGR,DTW,1305
PGD,ABE,1442
TPA,HOU,13061
IAH,MTJ,1414
EWR,MUC,11425
MHT,ORD,2539
SEA,BZN,4027
RSW,CLE,4567
RDU,CVG,1973
BGI,MIA,10145
ATL,UIO,3364
LAX,EWR,52613
YVR,KOA,5285
CLT,MCI,12007
SAN,HNL,11716
BOI,LAX,2629
BNA,CVG,1406
PIE,GSO,1727
MCO,EYW,2967
FAT,PHX,8653
IST,IAD,7856
IAD,MDT,3659
LAS,FNT,2476
OMA,ORD,11606
DTW,ICN,8064
LAS,FLL,9079
BMI,DEN,1910
ORD,TUL,6653
BWI,SLC,11137
JAC,DFW,3633
DCA,MCI,5509
ATL,AEX,4318
TPA,ACY,4291
LIH,SFO,4901
PIE,HTS,1276
FLL,PTY,1673
ANC,CDV,1575
ORD,BMI,1840
LCK,PIE,1266
GUM,KIX,18359
GIG,CLT,7208
BNA,ORD,12161
JNB,ATL,7126
DTW,PEK,5528
DFW,LBB,9666
HPN,FLL,5947
STL,JFK,1363
CHS,JFK,5685
FLL,PHL,28546
ORD,YYZ,18183
MSY,LGA,6827
DEN,OAK,12683
ANC,JNU,5825
ANC,PHX,5150
PHL,YHZ,1848
MAD,PHL,5646
LGA,MEM,1349
MDW,TTN,1962
IAD,DTW,6081
CDG,PHL,5741
YVR,LIH,4168
PUJ,ORD,3380
YXU,ORD,1690
MIA,FRA,14606
SRQ,ORD,3258
LAS,PSC,1499
AUS,IAD,4881
RIC,EWR,3658
LGA,SDF,1394
RSW,BUF,2368
YYC,PSP,8546
FCO,MIA,6287
LGA,MYR,6396
LAX,MDW,16032
GRR,FLL,1318
EVV,ATL,4509
MCI,IND,5287
OKC,IAD,1595
LEX,DFW,3234
PHX,KOA,5596
BOS,LGA,21871
ORD,RDU,12492
DTW,BTV,3053
EWR,LIM,3981
SLC,DEN,64847
BHM,DEN,1140
PHL,BOS,46146
LNK,DEN,3045
ERI,CLE,1994
GSP,HOU,2607
MEM,MSY,1033
SAV,DCA,1657
CLE,ORD,23867
SBA,DEN,4567
LIT,IAH,5055
LAS,ANC,1576
LAS,YEG,8284
LAX,YLW,1640
BOS,EWR,30368
YLW,LAX,1749
PVG,ORD,14068
LGA,ORD,79889
MCO,PNS,1183
MIA,BAQ,3940
FLG,PHX,3327
LAX,AMS,7718
PHX,ABQ,28639
IAH,LGA,23696
GRK,IAH,1694
MSP,OMA,8721
SAT,DEN,11755
YXE,PHX,1390
HOU,BNA,12268
BMI,DFW,2371
OKC,SFO,1319
ATL,RIC,32529
RFD,LAS,1448
KIN,JFK,11104
ORD,FAR,5013
VQS,JRV,1485
IAH,CLL,1409
PHX,YUM,5737
PIT,PUJ,1319
IAD,YYZ,5755
ANC,HNL,4265
SRQ,CLT,7526
DTW,AZO,4199
SAT,SLC,3780
LAS,SDF,3343
BOS,IAH,16637
DFW,IND,15836
YYZ,DFW,7305
NRT,ATL,11081
AZA,OGD,1405
MSN,DFW,4775
ORD,MCO,35924
MCI,SLC,4227
FLL,MDW,10974
LHR,SFO,33890
MOT,DEN,5154
EUG,SEA,4304
PBI,LGA,32000
ATL,CID,3752
MCO,PHX,20400
MEX,SAT,14778
PHL,CUN,9956
JFK,CDG,45182
ORD,YVR,6821
MHT,DCA,5643
SAN,DFW,35706
CLT,DEN,24854
MCI,CLE,1810
ORD,MDT,7065
PHX,SEA,48239
RSW,ACY,7729
LAS,OKC,6118
PHL,MCI,4317
ORD,DOH,8217
PDX,SAN,14135
LAX,MFR,3028
AZA,OAK,1354
RDU,DEN,4048
DSM,DTW,3115
NAS,MCO,3919
BNA,SAT,5025
IAH,FLL,19294
FRA,CLT,6315
SJC,SJD,3117
MDW,MEM,4941
JFK,MXP,14192
ATL,GRB,1467
YUL,LGA,4767
VPS,IAH,2439
MEL,HNL,3275
BWI,TPA,23843
ORD,SBN,3803
DTW,DCA,18039
ATL,DXB,7194
SAN,PHX,51995
MHK,DFW,2823
MEM,IAH,6462
MCO,AUS,8910
DRO,PHX,2451
FLL,AVL,1300
DFW,JFK,5125
IAH,MAF,7299
GSP,PGD,1298
PNS,IAH,4427
BOS,YTZ,4200
JFK,MDE,2630
IAH,TPA,17302
ORD,EAU,1068
JFK,PAP,9860
CUN,ATL,33033
JFK,PVG,8053
JFK,BNA,2282
BWI,AUS,6575
LAX,SMX,1294
ORD,MAN,2857
HNL,PHX,18540
TPA,ALB,3239
LAX,BHM,2760
AMM,JFK,3639
SEA,COS,1489
IAH,SAN,22193
GDL,SMF,6469
BOI,PHX,10981
MTY,ATL,4707
CVG,RDU,2311
SXM,PHL,3209
PEK,JFK,13328
MSY,EYW,2463
SAT,LAX,11201
JFK,ARN,3297
YVR,MSP,3618
BWI,NAS,1406
CUN,SLC,1228
MSY,DTW,2878
MXP,EWR,4592
ATL,EGE,3738
SFO,MKE,3089
JFK,ICN,22270
MLM,IAH,1347
ATL,MIA,58543
LAS,SAN,41590
LGA,PBI,31312
CLT,IND,14937
ORD,DLH,2667
MIA,DCA,36510
FLL,DFW,35734
EWR,AUS,7054
LAX,HKG,22618
LAS,EWR,17557
DFW,MZT,1145
CMH,DEN,7100
IAH,CHS,1524
ABQ,MSP,1360
SJU,PTY,5553
CDG,CVG,4173
PHL,SAV,1132
PIT,STL,2160
DAB,CLT,6725
ORD,SFO,73400
LGA,ATL,76173
GNV,MIA,1531
EWR,DAY,1460
EWR,SXM,2994
OAK,PVU,1249
SAN,ORD,25116
RDU,DFW,16477
ISP,BWI,15306
CLT,PNS,5504
DCA,ALB,4547
SEA,CLT,9498
DFW,CVG,7483
DEN,CID,5582
DSM,PIE,1663
SBY,CLT,2522
DTW,EWR,11213
MIA,MSP,13533
HNL,PVG,4161
STX,STT,3488
ALB,TPA,3390
MIA,GSO,2306
ILG,MDW,1250
HRL,MSP,4046
DFW,MBJ,2493
CZM,MIA,1157
IAD,MDW,10235
PHL,SAN,7552
DTW,CHA,1127
AZA,STC,1141
